Tenant_URL,Destination_URL,Page_Name,Disable_Like,Status,Start_Date, End_Date
https://demoperform1-admin.sharepoint.com,https://demoperform1.sharepoint.com/sites/Test4,Home,No,Social button is successfully removed!,01/17/2021 20:09:55,01/17/2021 20:10:05
https://demoperform1-admin.sharepoint.com,https://demoperform1.sharepoint.com/sites/Test4,Home,Yes,Social button is successfully removed!,01/17/2021 20:10:05,01/17/2021 20:10:08
https://demoperform1-admin.sharepoint.com,https://demoperform1.sharepoint.com/sites/Test4,Home,No,Social button is successfully removed!,01/17/2021 20:13:25,01/17/2021 20:13:39
https://demoperform1-admin.sharepoint.com,https://demoperform1.sharepoint.com/sites/Test4,Home,Yes,Social button is successfully removed!,01/17/2021 20:13:39,01/17/2021 20:13:54
https://demoperform1-admin.sharepoint.com,https://demoperform1.sharepoint.com/sites/Test4,Home,No,Social button is successfully added!,01/17/2021 20:14:51,01/17/2021 20:15:01
https://demoperform1-admin.sharepoint.com,https://demoperform1.sharepoint.com/sites/Test4,Home,Yes,Social button is successfully removed!,01/17/2021 20:15:01,01/17/2021 20:15:06
https://devperform2-admin.sharepoint.com,https://devperform2.sharepoint.com/sites/MidMarketEndorsments,Home,Yes,Social button is successfully removed!,01/19/2021 16:10:26,01/19/2021 16:11:06
https://devperform2-admin.sharepoint.com,https://devperform2.sharepoint.com/sites/MidMarketEndorsments,FAQs,Yes,Social button is successfully removed!,01/19/2021 16:11:06,01/19/2021 16:11:12
https://devperform2-admin.sharepoint.com,https://devperform2.sharepoint.com/sites/MidMarketEndorsments,QuickLink,Yes,Social button is successfully removed!,01/19/2021 16:11:12,01/19/2021 16:11:17
https://devperform2-admin.sharepoint.com,https://devperform2.sharepoint.com/sites/MidMarketEndorsments,TeamLeaders,Yes,Social button is successfully removed!,01/19/2021 16:11:17,01/19/2021 16:11:21
https://devperform2-admin.sharepoint.com,https://devperform2.sharepoint.com/sites/MidMarketEndorsments,Application,Yes,Social button is successfully removed!,01/19/2021 16:11:21,01/19/2021 16:11:25
https://devperform2-admin.sharepoint.com,https://devperform2.sharepoint.com/sites/MidMarketEndorsments,New-Form,Yes,Social button is successfully removed!,01/19/2021 16:11:25,01/19/2021 16:11:29
https://devperform2-admin.sharepoint.com,https://devperform2.sharepoint.com/sites/MidMarketEndorsments,Edit-Form,Yes,Social button is successfully removed!,01/19/2021 16:11:29,01/19/2021 16:11:33
https://devperform2-admin.sharepoint.com,https://devperform2.sharepoint.com/sites/MidMarketEndorsments,Display-Form,Yes,Social button is successfully removed!,01/19/2021 16:11:33,01/19/2021 16:11:37
https://devperform2-admin.sharepoint.com,https://devperform2.sharepoint.com/sites/MidMarketPACE,Home,Yes,Social button is successfully removed!,01/19/2021 16:11:37,01/19/2021 16:11:42
https://devperform2-admin.sharepoint.com,https://devperform2.sharepoint.com/sites/MidMarketPACE,FAQs,Yes,Social button is successfully removed!,01/19/2021 16:11:42,01/19/2021 16:11:48
https://devperform2-admin.sharepoint.com,https://devperform2.sharepoint.com/sites/MidMarketPACE,QuickLink,Yes,Social button is successfully removed!,01/19/2021 16:11:48,01/19/2021 16:11:54
https://devperform2-admin.sharepoint.com,https://devperform2.sharepoint.com/sites/MidMarketPACE,TeamLeaders,Yes,Social button is successfully removed!,01/19/2021 16:11:54,01/19/2021 16:11:59
https://devperform2-admin.sharepoint.com,https://devperform2.sharepoint.com/sites/MidMarketPACE,Application,Yes,Social button is successfully removed!,01/19/2021 16:11:59,01/19/2021 16:12:04
https://devperform2-admin.sharepoint.com,https://devperform2.sharepoint.com/sites/MidMarketPACE,New-Form,Yes,Social button is successfully removed!,01/19/2021 16:12:04,01/19/2021 16:12:10
https://devperform2-admin.sharepoint.com,https://devperform2.sharepoint.com/sites/MidMarketPACE,Edit-Form,Yes,Social button is successfully removed!,01/19/2021 16:12:10,01/19/2021 16:12:14
https://devperform2-admin.sharepoint.com,https://devperform2.sharepoint.com/sites/MidMarketPACE,Display-Form,Yes,Social button is successfully removed!,01/19/2021 16:12:14,01/19/2021 16:12:19
https://devperform2-admin.sharepoint.com,https://devperform2.sharepoint.com/sites/MidMarketEndorsments,Regions,Yes,Social button is successfully removed!,01/20/2021 03:56:19,01/20/2021 03:56:24
https://devperform2-admin.sharepoint.com,https://devperform2.sharepoint.com/sites/MidMarketEndorsments,Administration,Yes,Social button is successfully removed!,01/20/2021 03:56:24,01/20/2021 03:56:28
https://devperform2-admin.sharepoint.com,https://devperform2.sharepoint.com/sites/MidMarketEndorsments,Endorsement-ID,Yes,Social button is successfully removed!,01/20/2021 03:56:28,01/20/2021 03:56:32
https://devperform2-admin.sharepoint.com,https://devperform2.sharepoint.com/sites/MidMarketEndorsments,Endorsement-Status,Yes,Social button is successfully removed!,01/20/2021 03:56:32,01/20/2021 03:56:35
https://devperform2-admin.sharepoint.com,https://devperform2.sharepoint.com/sites/MidMarketEndorsments,Endorsement-Type,Yes,Social button is successfully removed!,01/20/2021 03:56:35,01/20/2021 03:56:38
https://devperform2-admin.sharepoint.com,https://devperform2.sharepoint.com/sites/MidMarketEndorsments,Display-View,Yes,Social button is successfully removed!,01/20/2021 04:16:51,01/20/2021 04:16:56
https://devperform2-admin.sharepoint.com,https://devperform2.sharepoint.com/sites/PolicyDocumentRepository,Home,Yes,Social button is successfully removed!,01/20/2021 22:22:54,01/20/2021 22:26:06
https://devperform2-admin.sharepoint.com,https://devperform2.sharepoint.com/sites/PolicyDocumentRepository,FAQs,Yes,Social button is successfully removed!,01/20/2021 22:26:06,01/20/2021 22:26:24
https://devperform2-admin.sharepoint.com,https://devperform2.sharepoint.com/sites/PolicyDocumentRepository,QuickLink,Yes,Social button is successfully removed!,01/20/2021 22:26:24,01/20/2021 22:26:41
https://devperform2-admin.sharepoint.com,https://devperform2.sharepoint.com/sites/PolicyDocumentRepository,TeamLeaders,Yes,Social button is successfully removed!,01/20/2021 22:26:41,01/20/2021 22:26:54
https://devperform2-admin.sharepoint.com,https://devperform2.sharepoint.com/sites/PolicyDocumentRepository,Application,Yes,Social button is successfully removed!,01/20/2021 22:26:54,01/20/2021 22:27:11
https://devperform2-admin.sharepoint.com,https://devperform2.sharepoint.com/sites/PolicyDocumentRepository,New-Form,Yes,Social button is successfully removed!,01/20/2021 22:27:11,01/20/2021 22:27:43
https://devperform2-admin.sharepoint.com,https://devperform2.sharepoint.com/sites/PolicyDocumentRepository,Edit-Form,Yes,Social button is successfully removed!,01/20/2021 22:27:44,01/20/2021 22:28:23
https://devperform2-admin.sharepoint.com,https://devperform2.sharepoint.com/sites/PolicyDocumentRepository,Display-View,Yes,Social button is successfully removed!,01/20/2021 22:28:23,01/20/2021 22:28:46
https://devperform2-admin.sharepoint.com,https://devperform2.sharepoint.com/sites/ClaimCounselEvaluation,Home,Yes,Social button is successfully removed!,01/20/2021 22:28:46,01/20/2021 22:29:14
https://devperform2-admin.sharepoint.com,https://devperform2.sharepoint.com/sites/ClaimCounselEvaluation,FAQs,Yes,Social button is successfully removed!,01/20/2021 22:29:14,01/20/2021 22:29:33
https://devperform2-admin.sharepoint.com,https://devperform2.sharepoint.com/sites/PolicyDocumentRepository,Home,Yes,Social button is successfully removed!,01/20/2021 22:31:30,01/20/2021 22:32:57
https://devperform2-admin.sharepoint.com,https://devperform2.sharepoint.com/sites/PolicyDocumentRepository,FAQs,Yes,Social button is successfully removed!,01/20/2021 22:32:57,01/20/2021 22:33:39
https://devperform2-admin.sharepoint.com,https://devperform2.sharepoint.com/sites/PolicyDocumentRepository,QuickLink,Yes,Social button is successfully removed!,01/20/2021 22:33:39,01/20/2021 22:36:02
https://devperform2-admin.sharepoint.com,https://devperform2.sharepoint.com/sites/PolicyDocumentRepository,Home,Yes,Social button is successfully removed!,01/20/2021 22:38:35,01/20/2021 22:40:11
https://devperform2-admin.sharepoint.com,https://devperform2.sharepoint.com/sites/PolicyDocumentRepository,FAQs,Yes,Social button is successfully removed!,01/20/2021 22:40:11,01/20/2021 22:40:37
https://devperform2-admin.sharepoint.com,https://devperform2.sharepoint.com/sites/PolicyDocumentRepository,QuickLink,Yes,Social button is successfully removed!,01/20/2021 22:40:37,01/20/2021 22:40:55
https://devperform2-admin.sharepoint.com,https://devperform2.sharepoint.com/sites/PolicyDocumentRepository,TeamLeaders,Yes,Social button is successfully removed!,01/20/2021 22:40:55,01/20/2021 22:41:10
https://devperform2-admin.sharepoint.com,https://devperform2.sharepoint.com/sites/PolicyDocumentRepository,Application,Yes,Social button is successfully removed!,01/20/2021 22:41:10,01/20/2021 22:41:28
https://devperform2-admin.sharepoint.com,https://devperform2.sharepoint.com/sites/PolicyDocumentRepository,New-Form,Yes,Social button is successfully removed!,01/20/2021 22:41:28,01/20/2021 22:41:42
https://devperform2-admin.sharepoint.com,https://devperform2.sharepoint.com/sites/PolicyDocumentRepository,Edit-Form,Yes,Social button is successfully removed!,01/20/2021 22:41:42,01/20/2021 22:41:53
https://devperform2-admin.sharepoint.com,https://devperform2.sharepoint.com/sites/PolicyDocumentRepository,Display-View,Yes,Social button is successfully removed!,01/20/2021 22:41:53,01/20/2021 22:42:07
https://devperform2-admin.sharepoint.com,https://devperform2.sharepoint.com/sites/ClaimCounselEvaluation,Home,Yes,Social button is successfully removed!,01/20/2021 22:42:07,01/20/2021 22:42:31
https://devperform2-admin.sharepoint.com,https://devperform2.sharepoint.com/sites/ClaimCounselEvaluation,FAQs,Yes,Social button is successfully removed!,01/20/2021 22:42:31,01/20/2021 22:42:47
https://devperform2-admin.sharepoint.com,https://devperform2.sharepoint.com/sites/ClaimCounselEvaluation,QuickLink,Yes,Social button is successfully removed!,01/20/2021 22:42:47,01/20/2021 22:43:04
https://devperform2-admin.sharepoint.com,https://devperform2.sharepoint.com/sites/ClaimCounselEvaluation,TeamLeaders,Yes,Social button is successfully removed!,01/20/2021 22:43:04,01/20/2021 22:43:19
https://devperform2-admin.sharepoint.com,https://devperform2.sharepoint.com/sites/ClaimCounselEvaluation,Application,Yes,Social button is successfully removed!,01/20/2021 22:43:19,01/20/2021 22:43:34
https://devperform2-admin.sharepoint.com,https://devperform2.sharepoint.com/sites/ClaimCounselEvaluation,New-Form,Yes,Social button is successfully removed!,01/20/2021 22:43:34,01/20/2021 22:43:49
https://devperform2-admin.sharepoint.com,https://devperform2.sharepoint.com/sites/ClaimCounselEvaluation,Edit-Form,Yes,Social button is successfully removed!,01/20/2021 22:43:49,01/20/2021 22:44:05
https://devperform2-admin.sharepoint.com,https://devperform2.sharepoint.com/sites/ClaimCounselEvaluation,Display-View,Yes,Social button is successfully removed!,01/20/2021 22:44:05,01/20/2021 22:44:16
https://devperform2-admin.sharepoint.com,https://devperform2.sharepoint.com/sites/ClaimsKeywordDatabase,Home,Yes,Social button is successfully removed!,01/21/2021 17:39:21,01/21/2021 17:39:28
https://devperform2-admin.sharepoint.com,https://devperform2.sharepoint.com/sites/ClaimsKeywordDatabase,FAQs,Yes,Social button is successfully removed!,01/21/2021 17:39:28,01/21/2021 17:39:32
https://devperform2-admin.sharepoint.com,https://devperform2.sharepoint.com/sites/ClaimsKeywordDatabase,QuickLink,Yes,Social button is successfully removed!,01/21/2021 17:39:32,01/21/2021 17:39:36
https://devperform2-admin.sharepoint.com,https://devperform2.sharepoint.com/sites/ClaimsKeywordDatabase,TeamLeaders,Yes,Social button is successfully removed!,01/21/2021 17:39:36,01/21/2021 17:39:40
https://devperform2-admin.sharepoint.com,https://devperform2.sharepoint.com/sites/ClaimsKeywordDatabase,Application,Yes,Social button is successfully removed!,01/21/2021 17:39:40,01/21/2021 17:39:44
https://devperform2-admin.sharepoint.com,https://devperform2.sharepoint.com/sites/ClaimsKeywordDatabase,New-Form,Yes,Social button is successfully removed!,01/21/2021 17:39:44,01/21/2021 17:39:48
https://devperform2-admin.sharepoint.com,https://devperform2.sharepoint.com/sites/ClaimsKeywordDatabase,Edit-Form,Yes,Social button is successfully removed!,01/21/2021 17:39:48,01/21/2021 17:39:52
https://devperform2-admin.sharepoint.com,https://devperform2.sharepoint.com/sites/ClaimsKeywordDatabase,Display-Form,Yes,Social button is successfully removed!,01/21/2021 17:39:52,01/21/2021 17:39:55
https://devperform2-admin.sharepoint.com,https://devperform2.sharepoint.com/sites/ClaimsKeywordDatabase,Display-Page,Yes,Social button is successfully removed!,01/21/2021 17:39:55,01/21/2021 17:39:59
https://devperform2-admin.sharepoint.com,https://devperform2.sharepoint.com/sites/ClaimsKeywordDatabase,Edit-Page,Yes,Social button is successfully removed!,01/21/2021 17:39:59,01/21/2021 17:40:03
https://devperform2-admin.sharepoint.com,https://devperform2.sharepoint.com/sites/MidMarketAbeyance,Home,Yes,Social button is successfully removed!,01/21/2021 17:40:03,01/21/2021 17:40:07
https://devperform2-admin.sharepoint.com,https://devperform2.sharepoint.com/sites/MidMarketAbeyance,FAQs,Yes,Social button is successfully removed!,01/21/2021 17:40:07,01/21/2021 17:40:11
https://devperform2-admin.sharepoint.com,https://devperform2.sharepoint.com/sites/MidMarketAbeyance,QuickLink,Yes,Social button is successfully removed!,01/21/2021 17:40:11,01/21/2021 17:40:14
https://devperform2-admin.sharepoint.com,https://devperform2.sharepoint.com/sites/MidMarketAbeyance,TeamLeaders,Yes,Social button is successfully removed!,01/21/2021 17:40:14,01/21/2021 17:40:19
https://devperform2-admin.sharepoint.com,https://devperform2.sharepoint.com/sites/MidMarketAbeyance,Application,Yes,Social button is successfully removed!,01/21/2021 17:40:19,01/21/2021 17:40:23
https://devperform2-admin.sharepoint.com,https://devperform2.sharepoint.com/sites/MidMarketAbeyance,New-Form,Yes,Social button is successfully removed!,01/21/2021 17:40:23,01/21/2021 17:40:27
https://devperform2-admin.sharepoint.com,https://devperform2.sharepoint.com/sites/MidMarketAbeyance,Edit-Form,Yes,Social button is successfully removed!,01/21/2021 17:40:27,01/21/2021 17:40:32
https://devperform2-admin.sharepoint.com,https://devperform2.sharepoint.com/sites/MidMarketAbeyance,Display-Form,Yes,Social button is successfully removed!,01/21/2021 17:40:32,01/21/2021 17:40:35
https://devperform2-admin.sharepoint.com,https://devperform2.sharepoint.com/sites/MidMarketAbeyance,Display-Page,Yes,Social button is successfully removed!,01/21/2021 17:40:35,01/21/2021 17:40:41
https://devperform2-admin.sharepoint.com,https://devperform2.sharepoint.com/sites/MidMarketAbeyance,Edit-Page,Yes,Social button is successfully removed!,01/21/2021 17:40:41,01/21/2021 17:40:46
https://devperform2-admin.sharepoint.com,https://devperform2.sharepoint.com/sites/QuoterLibraryNorthern,Home,Yes,Social button is successfully removed!,01/25/2021 15:36:51,01/25/2021 15:37:16
https://devperform2-admin.sharepoint.com,https://devperform2.sharepoint.com/sites/QuoterLibraryNorthern,FAQs,Yes,Social button is successfully removed!,01/25/2021 15:37:16,01/25/2021 15:37:29
https://devperform2-admin.sharepoint.com,https://devperform2.sharepoint.com/sites/QuoterLibraryNorthern,QuickLink,Yes,Social button is successfully removed!,01/25/2021 15:37:29,01/25/2021 15:37:31
https://devperform2-admin.sharepoint.com,https://devperform2.sharepoint.com/sites/QuoterLibraryNorthern,TeamLeaders,Yes,Social button is successfully removed!,01/25/2021 15:37:31,01/25/2021 15:37:34
https://devperform2-admin.sharepoint.com,https://devperform2.sharepoint.com/sites/QuoterLibraryNorthern,Application,Yes,Social button is successfully removed!,01/25/2021 15:37:34,01/25/2021 15:37:36
https://devperform2-admin.sharepoint.com,https://devperform2.sharepoint.com/sites/QuoterLibraryNorthern,New-Form,Yes,Social button is successfully removed!,01/25/2021 15:37:36,01/25/2021 15:37:39
https://devperform2-admin.sharepoint.com,https://devperform2.sharepoint.com/sites/QuoterLibraryNorthern,Edit-Form,Yes,Social button is successfully removed!,01/25/2021 15:37:39,01/25/2021 15:37:41
https://devperform2-admin.sharepoint.com,https://devperform2.sharepoint.com/sites/QuoterLibraryNorthern,Display-Form,Yes,Social button is successfully removed!,01/25/2021 15:37:41,01/25/2021 15:37:43
https://devperform2-admin.sharepoint.com,https://devperform2.sharepoint.com/sites/JournalCorrectionRequests,Home,Yes,Social button is successfully removed!,01/25/2021 15:37:43,01/25/2021 15:37:46
https://devperform2-admin.sharepoint.com,https://devperform2.sharepoint.com/sites/JournalCorrectionRequests,FAQs,Yes,Social button is successfully removed!,01/25/2021 15:37:46,01/25/2021 15:37:48
https://devperform2-admin.sharepoint.com,https://devperform2.sharepoint.com/sites/JournalCorrectionRequests,QuickLink,Yes,Social button is successfully removed!,01/25/2021 15:37:48,01/25/2021 15:37:51
https://devperform2-admin.sharepoint.com,https://devperform2.sharepoint.com/sites/JournalCorrectionRequests,TeamLeaders,Yes,Social button is successfully removed!,01/25/2021 15:37:51,01/25/2021 15:37:53
https://devperform2-admin.sharepoint.com,https://devperform2.sharepoint.com/sites/JournalCorrectionRequests,Application,Yes,Social button is successfully removed!,01/25/2021 15:37:53,01/25/2021 15:37:55
https://devperform2-admin.sharepoint.com,https://devperform2.sharepoint.com/sites/JournalCorrectionRequests,New-Form,Yes,Social button is successfully removed!,01/25/2021 15:37:55,01/25/2021 15:37:58
https://devperform2-admin.sharepoint.com,https://devperform2.sharepoint.com/sites/JournalCorrectionRequests,Edit-Form,Yes,Social button is successfully removed!,01/25/2021 15:37:58,01/25/2021 15:38:01
https://devperform2-admin.sharepoint.com,https://devperform2.sharepoint.com/sites/JournalCorrectionRequests,Display-Form,Yes,Social button is successfully removed!,01/25/2021 15:38:01,01/25/2021 15:38:04
https://devperform2-admin.sharepoint.com,https://devperform2.sharepoint.com/sites/QuoterLibraryNorthern,Home,Yes,Social button is successfully removed!,01/25/2021 16:26:31,01/25/2021 16:26:36
https://devperform2-admin.sharepoint.com,https://devperform2.sharepoint.com/sites/QuoterLibraryNorthern,FAQs,Yes,Social button is successfully removed!,01/25/2021 16:26:36,01/25/2021 16:26:39
https://devperform2-admin.sharepoint.com,https://devperform2.sharepoint.com/sites/QuoterLibraryNorthern,QuickLink,Yes,Social button is successfully removed!,01/25/2021 16:26:39,01/25/2021 16:26:42
https://devperform2-admin.sharepoint.com,https://devperform2.sharepoint.com/sites/QuoterLibraryNorthern,TeamLeaders,Yes,Social button is successfully removed!,01/25/2021 16:26:42,01/25/2021 16:26:44
https://devperform2-admin.sharepoint.com,https://devperform2.sharepoint.com/sites/QuoterLibraryNorthern,Application,Yes,Social button is successfully removed!,01/25/2021 16:26:44,01/25/2021 16:26:47
https://devperform2-admin.sharepoint.com,https://devperform2.sharepoint.com/sites/QuoterLibraryNorthern,New-Form,Yes,Social button is successfully removed!,01/25/2021 16:26:47,01/25/2021 16:26:49
https://devperform2-admin.sharepoint.com,https://devperform2.sharepoint.com/sites/QuoterLibraryNorthern,Edit-Form,Yes,Social button is successfully removed!,01/25/2021 16:26:49,01/25/2021 16:26:52
https://devperform2-admin.sharepoint.com,https://devperform2.sharepoint.com/sites/QuoterLibraryNorthern,Display-Form,Yes,Social button is successfully removed!,01/25/2021 16:26:52,01/25/2021 16:26:54
https://devperform2-admin.sharepoint.com,https://devperform2.sharepoint.com/sites/QuoterLibraryNorthern,Edit-View,Yes,Social button is successfully removed!,01/25/2021 16:26:54,01/25/2021 16:26:56
https://devperform2-admin.sharepoint.com,https://devperform2.sharepoint.com/sites/QuoterLibraryNorthern,Display-View,Yes,Social button is successfully removed!,01/25/2021 16:26:56,01/25/2021 16:26:58
https://devperform2-admin.sharepoint.com,https://devperform2.sharepoint.com/sites/JournalCorrectionRequests,Home,Yes,Social button is successfully removed!,01/25/2021 16:26:58,01/25/2021 16:27:01
https://devperform2-admin.sharepoint.com,https://devperform2.sharepoint.com/sites/JournalCorrectionRequests,FAQs,Yes,Social button is successfully removed!,01/25/2021 16:27:01,01/25/2021 16:27:03
https://devperform2-admin.sharepoint.com,https://devperform2.sharepoint.com/sites/JournalCorrectionRequests,QuickLink,Yes,Social button is successfully removed!,01/25/2021 16:27:03,01/25/2021 16:27:05
https://devperform2-admin.sharepoint.com,https://devperform2.sharepoint.com/sites/JournalCorrectionRequests,TeamLeaders,Yes,Social button is successfully removed!,01/25/2021 16:27:05,01/25/2021 16:27:08
https://devperform2-admin.sharepoint.com,https://devperform2.sharepoint.com/sites/JournalCorrectionRequests,Application,Yes,Social button is successfully removed!,01/25/2021 16:27:08,01/25/2021 16:27:10
https://devperform2-admin.sharepoint.com,https://devperform2.sharepoint.com/sites/JournalCorrectionRequests,New-Form,Yes,Social button is successfully removed!,01/25/2021 16:27:10,01/25/2021 16:27:13
https://devperform2-admin.sharepoint.com,https://devperform2.sharepoint.com/sites/JournalCorrectionRequests,Edit-Form,Yes,Social button is successfully removed!,01/25/2021 16:27:13,01/25/2021 16:27:16
https://devperform2-admin.sharepoint.com,https://devperform2.sharepoint.com/sites/JournalCorrectionRequests,Display-Form,Yes,Social button is successfully removed!,01/25/2021 16:27:16,01/25/2021 16:27:18
https://devperform2-admin.sharepoint.com,https://devperform2.sharepoint.com/sites/JournalCorrectionRequests,Edit-View,Yes,Social button is successfully removed!,01/25/2021 16:27:18,01/25/2021 16:27:20
https://devperform2-admin.sharepoint.com,https://devperform2.sharepoint.com/sites/JournalCorrectionRequests,Display-View,Yes,Social button is successfully removed!,01/25/2021 16:27:20,01/25/2021 16:27:23
https://devperform2-admin.sharepoint.com,https://devperform2.sharepoint.com/sites/QuoterLibraryNorthern,Home,Yes,Social button is successfully removed!,01/25/2021 16:30:41,01/25/2021 16:30:43
https://devperform2-admin.sharepoint.com,https://devperform2.sharepoint.com/sites/QuoterLibraryNorthern,FAQs,Yes,Social button is successfully removed!,01/25/2021 16:30:43,01/25/2021 16:30:46
https://devperform2-admin.sharepoint.com,https://devperform2.sharepoint.com/sites/QuoterLibraryNorthern,QuickLink,Yes,Social button is successfully removed!,01/25/2021 16:30:46,01/25/2021 16:30:48
https://devperform2-admin.sharepoint.com,https://devperform2.sharepoint.com/sites/QuoterLibraryNorthern,TeamLeaders,Yes,Social button is successfully removed!,01/25/2021 16:30:48,01/25/2021 16:30:50
https://devperform2-admin.sharepoint.com,https://devperform2.sharepoint.com/sites/QuoterLibraryNorthern,Application,Yes,Social button is successfully removed!,01/25/2021 16:30:50,01/25/2021 16:30:53
https://devperform2-admin.sharepoint.com,https://devperform2.sharepoint.com/sites/QuoterLibraryNorthern,New-Form,Yes,Social button is successfully removed!,01/25/2021 16:30:53,01/25/2021 16:30:55
https://devperform2-admin.sharepoint.com,https://devperform2.sharepoint.com/sites/QuoterLibraryNorthern,Edit-Form,Yes,Social button is successfully removed!,01/25/2021 16:30:55,01/25/2021 16:30:57
https://devperform2-admin.sharepoint.com,https://devperform2.sharepoint.com/sites/QuoterLibraryNorthern,Display-Form,Yes,Social button is successfully removed!,01/25/2021 16:30:57,01/25/2021 16:30:59
https://devperform2-admin.sharepoint.com,https://devperform2.sharepoint.com/sites/QuoterLibraryNorthern,Edit-View,Yes,Social button is successfully removed!,01/25/2021 16:30:59,01/25/2021 16:31:02
https://devperform2-admin.sharepoint.com,https://devperform2.sharepoint.com/sites/QuoterLibraryNorthern,Display-View,Yes,Social button is successfully removed!,01/25/2021 16:31:02,01/25/2021 16:31:05
https://devperform2-admin.sharepoint.com,https://devperform2.sharepoint.com/sites/JournalCorrectionRequests,Home,Yes,Social button is successfully removed!,01/25/2021 16:31:05,01/25/2021 16:31:07
https://devperform2-admin.sharepoint.com,https://devperform2.sharepoint.com/sites/JournalCorrectionRequests,FAQs,Yes,Social button is successfully removed!,01/25/2021 16:31:07,01/25/2021 16:31:09
https://devperform2-admin.sharepoint.com,https://devperform2.sharepoint.com/sites/JournalCorrectionRequests,QuickLink,Yes,Social button is successfully removed!,01/25/2021 16:31:09,01/25/2021 16:31:12
https://devperform2-admin.sharepoint.com,https://devperform2.sharepoint.com/sites/JournalCorrectionRequests,TeamLeaders,Yes,Social button is successfully removed!,01/25/2021 16:31:12,01/25/2021 16:31:15
https://devperform2-admin.sharepoint.com,https://devperform2.sharepoint.com/sites/JournalCorrectionRequests,Application,Yes,Social button is successfully removed!,01/25/2021 16:31:15,01/25/2021 16:31:17
https://devperform2-admin.sharepoint.com,https://devperform2.sharepoint.com/sites/JournalCorrectionRequests,New-Form,Yes,Social button is successfully removed!,01/25/2021 16:31:17,01/25/2021 16:31:19
https://devperform2-admin.sharepoint.com,https://devperform2.sharepoint.com/sites/JournalCorrectionRequests,Edit-Form,Yes,Social button is successfully removed!,01/25/2021 16:31:20,01/25/2021 16:31:23
https://devperform2-admin.sharepoint.com,https://devperform2.sharepoint.com/sites/JournalCorrectionRequests,Display-Form,Yes,Social button is successfully removed!,01/25/2021 16:31:23,01/25/2021 16:31:25
https://devperform2-admin.sharepoint.com,https://devperform2.sharepoint.com/sites/JournalCorrectionRequests,Edit-View,Yes,Social button is successfully removed!,01/25/2021 16:31:25,01/25/2021 16:31:27
https://devperform2-admin.sharepoint.com,https://devperform2.sharepoint.com/sites/JournalCorrectionRequests,Display-View,Yes,Social button is successfully removed!,01/25/2021 16:31:27,01/25/2021 16:31:30
https://devperform2-admin.sharepoint.com,https://devperform2.sharepoint.com/sites/BPCToolkit,Home,Yes,Social button is successfully removed!,01/28/2021 13:15:04,01/28/2021 13:15:09
https://devperform2-admin.sharepoint.com,https://devperform2.sharepoint.com/sites/BPCToolkit,FAQs,Yes,Social button is successfully removed!,01/28/2021 13:15:09,01/28/2021 13:15:13
https://devperform2-admin.sharepoint.com,https://devperform2.sharepoint.com/sites/BPCToolkit,QuickLink,Yes,Social button is successfully removed!,01/28/2021 13:15:13,01/28/2021 13:15:16
https://devperform2-admin.sharepoint.com,https://devperform2.sharepoint.com/sites/BPCToolkit,TeamLeaders,Yes,Social button is successfully removed!,01/28/2021 13:15:16,01/28/2021 13:15:19
https://devperform2-admin.sharepoint.com,https://devperform2.sharepoint.com/sites/BPCToolkit,Application,Yes,Social button is successfully removed!,01/28/2021 13:15:19,01/28/2021 13:15:22
https://devperform2-admin.sharepoint.com,https://devperform2.sharepoint.com/sites/BPCToolkit,New-Form,Yes,Social button is successfully removed!,01/28/2021 13:15:22,01/28/2021 13:15:25
https://devperform2-admin.sharepoint.com,https://devperform2.sharepoint.com/sites/BPCToolkit,Edit-Form,Yes,Social button is successfully removed!,01/28/2021 13:15:25,01/28/2021 13:15:29
https://devperform2-admin.sharepoint.com,https://devperform2.sharepoint.com/sites/BPCToolkit,Display-Form,Yes,Social button is successfully removed!,01/28/2021 13:15:29,01/28/2021 13:15:33
https://devperform2-admin.sharepoint.com,https://devperform2.sharepoint.com/sites/BPCToolkit,Edit-View,Yes,Social button is successfully removed!,01/28/2021 13:15:33,01/28/2021 13:15:36
https://devperform2-admin.sharepoint.com,https://devperform2.sharepoint.com/sites/BPCToolkit,Display-View,Yes,Social button is successfully removed!,01/28/2021 13:15:36,01/28/2021 13:15:42
https://devperform2-admin.sharepoint.com,https://devperform2.sharepoint.com/sites/ZebraAuthorizationToolkit,Home,Yes,Social button is successfully removed!,01/28/2021 13:15:42,01/28/2021 13:15:46
https://devperform2-admin.sharepoint.com,https://devperform2.sharepoint.com/sites/ZebraAuthorizationToolkit,FAQs,Yes,Social button is successfully removed!,01/28/2021 13:15:46,01/28/2021 13:15:49
https://devperform2-admin.sharepoint.com,https://devperform2.sharepoint.com/sites/ZebraAuthorizationToolkit,QuickLink,Yes,Social button is successfully removed!,01/28/2021 13:15:49,01/28/2021 13:15:52
https://devperform2-admin.sharepoint.com,https://devperform2.sharepoint.com/sites/ZebraAuthorizationToolkit,TeamLeaders,Yes,Social button is successfully removed!,01/28/2021 13:15:52,01/28/2021 13:15:55
https://devperform2-admin.sharepoint.com,https://devperform2.sharepoint.com/sites/ZebraAuthorizationToolkit,Application,Yes,Social button is successfully removed!,01/28/2021 13:15:55,01/28/2021 13:15:57
https://devperform2-admin.sharepoint.com,https://devperform2.sharepoint.com/sites/ZebraAuthorizationToolkit,New-Form,Yes,Social button is successfully removed!,01/28/2021 13:15:57,01/28/2021 13:16:01
https://devperform2-admin.sharepoint.com,https://devperform2.sharepoint.com/sites/ZebraAuthorizationToolkit,Edit-Form,Yes,Social button is successfully removed!,01/28/2021 13:16:01,01/28/2021 13:16:04
https://devperform2-admin.sharepoint.com,https://devperform2.sharepoint.com/sites/ZebraAuthorizationToolkit,Display-Form,Yes,Social button is successfully removed!,01/28/2021 13:16:04,01/28/2021 13:16:07
https://devperform2-admin.sharepoint.com,https://devperform2.sharepoint.com/sites/ZebraAuthorizationToolkit,Edit-View,Yes,Social button is successfully removed!,01/28/2021 13:16:07,01/28/2021 13:16:10
https://devperform2-admin.sharepoint.com,https://devperform2.sharepoint.com/sites/ZebraAuthorizationToolkit,Display-View,Yes,Social button is successfully removed!,01/28/2021 13:16:10,01/28/2021 13:16:13
https://devperform2-admin.sharepoint.com,https://devperform2.sharepoint.com/sites/CounterProductsTraining,Home,Yes,Social button is successfully removed!,02/01/2021 14:47:05,02/01/2021 14:47:09
https://devperform2-admin.sharepoint.com,https://devperform2.sharepoint.com/sites/CounterProductsTraining,FAQs,Yes,Social button is successfully removed!,02/01/2021 14:47:09,02/01/2021 14:47:11
https://devperform2-admin.sharepoint.com,https://devperform2.sharepoint.com/sites/CounterProductsTraining,QuickLink,Yes,Social button is successfully removed!,02/01/2021 14:47:11,02/01/2021 14:47:14
https://devperform2-admin.sharepoint.com,https://devperform2.sharepoint.com/sites/CounterProductsTraining,TeamLeaders,Yes,Social button is successfully removed!,02/01/2021 14:47:14,02/01/2021 14:47:16
https://devperform2-admin.sharepoint.com,https://devperform2.sharepoint.com/sites/CounterProductsTraining,Application,Yes,Social button is successfully removed!,02/01/2021 14:47:16,02/01/2021 14:47:19
https://devperform2-admin.sharepoint.com,https://devperform2.sharepoint.com/sites/CounterProductsTraining,New-Form,Yes,Social button is successfully removed!,02/01/2021 14:47:19,02/01/2021 14:47:22
https://devperform2-admin.sharepoint.com,https://devperform2.sharepoint.com/sites/CounterProductsTraining,Edit-Form,Yes,Social button is successfully removed!,02/01/2021 14:47:22,02/01/2021 14:47:25
https://devperform2-admin.sharepoint.com,https://devperform2.sharepoint.com/sites/CounterProductsTraining,Display-Form,Yes,Social button is successfully removed!,02/01/2021 14:47:25,02/01/2021 14:47:28
https://devperform2-admin.sharepoint.com,https://devperform2.sharepoint.com/sites/CounterProductsTraining,Edit-View,Yes,Social button is successfully removed!,02/01/2021 14:47:28,02/01/2021 14:47:30
https://devperform2-admin.sharepoint.com,https://devperform2.sharepoint.com/sites/CounterProductsTraining,Display-View,Yes,Social button is successfully removed!,02/01/2021 14:47:30,02/01/2021 14:47:33
https://devperform2-admin.sharepoint.com,https://devperform2.sharepoint.com/sites/NewNCCReferenceDictionary,Home,Yes,Social button is successfully removed!,02/02/2021 17:07:57,02/02/2021 17:09:57
https://devperform2-admin.sharepoint.com,https://devperform2.sharepoint.com/sites/NewNCCReferenceDictionary,FAQs,Yes,Social button is successfully removed!,02/02/2021 17:09:57,02/02/2021 17:10:01
https://devperform2-admin.sharepoint.com,https://devperform2.sharepoint.com/sites/NewNCCReferenceDictionary,QuickLink,Yes,Social button is successfully removed!,02/02/2021 17:10:01,02/02/2021 17:10:03
https://devperform2-admin.sharepoint.com,https://devperform2.sharepoint.com/sites/NewNCCReferenceDictionary,TeamLeaders,Yes,Social button is successfully removed!,02/02/2021 17:10:03,02/02/2021 17:10:06
https://devperform2-admin.sharepoint.com,https://devperform2.sharepoint.com/sites/NewNCCReferenceDictionary,Application,Yes,Social button is successfully removed!,02/02/2021 17:10:06,02/02/2021 17:10:10
https://devperform2-admin.sharepoint.com,https://devperform2.sharepoint.com/sites/NewNCCReferenceDictionary,New-Form,Yes,Social button is successfully removed!,02/02/2021 17:10:10,02/02/2021 17:10:14
https://devperform2-admin.sharepoint.com,https://devperform2.sharepoint.com/sites/NewNCCReferenceDictionary,Edit-Form,Yes,Social button is successfully removed!,02/02/2021 17:10:14,02/02/2021 17:10:17
https://devperform2-admin.sharepoint.com,https://devperform2.sharepoint.com/sites/NewNCCReferenceDictionary,Display-Form,Yes,Social button is successfully removed!,02/02/2021 17:10:17,02/02/2021 17:10:20
https://devperform2-admin.sharepoint.com,https://devperform2.sharepoint.com/sites/NewNCCReferenceDictionary,Edit-View,Yes,Social button is successfully removed!,02/02/2021 17:10:20,02/02/2021 17:10:22
https://devperform2-admin.sharepoint.com,https://devperform2.sharepoint.com/sites/NewNCCReferenceDictionary,Display-View,Yes,Social button is successfully removed!,02/02/2021 17:10:22,02/02/2021 17:10:25
https://devperform2-admin.sharepoint.com,https://devperform2.sharepoint.com/sites/CorporateUnderwritingApprovalsArchive2017,Home,Yes,Social button is successfully removed!,02/02/2021 17:10:25,02/02/2021 17:10:29
https://devperform2-admin.sharepoint.com,https://devperform2.sharepoint.com/sites/CorporateUnderwritingApprovalsArchive2017,FAQs,Yes,Social button is successfully removed!,02/02/2021 17:10:29,02/02/2021 17:10:33
https://devperform2-admin.sharepoint.com,https://devperform2.sharepoint.com/sites/CorporateUnderwritingApprovalsArchive2017,QuickLink,Yes,Social button is successfully removed!,02/02/2021 17:10:33,02/02/2021 17:10:36
https://devperform2-admin.sharepoint.com,https://devperform2.sharepoint.com/sites/CorporateUnderwritingApprovalsArchive2017,TeamLeaders,Yes,Social button is successfully removed!,02/02/2021 17:10:36,02/02/2021 17:10:39
https://devperform2-admin.sharepoint.com,https://devperform2.sharepoint.com/sites/CorporateUnderwritingApprovalsArchive2017,Application,Yes,Social button is successfully removed!,02/02/2021 17:10:39,02/02/2021 17:10:42
https://devperform2-admin.sharepoint.com,https://devperform2.sharepoint.com/sites/CorporateUnderwritingApprovalsArchive2017,New-Form,Yes,Social button is successfully removed!,02/02/2021 17:10:42,02/02/2021 17:10:44
https://devperform2-admin.sharepoint.com,https://devperform2.sharepoint.com/sites/CorporateUnderwritingApprovalsArchive2017,Edit-Form,Yes,Social button is successfully removed!,02/02/2021 17:10:44,02/02/2021 17:10:48
https://devperform2-admin.sharepoint.com,https://devperform2.sharepoint.com/sites/CorporateUnderwritingApprovalsArchive2017,Display-Form,Yes,Social button is successfully removed!,02/02/2021 17:10:48,02/02/2021 17:10:51
https://devperform2-admin.sharepoint.com,https://devperform2.sharepoint.com/sites/CorporateUnderwritingApprovalsArchive2017,Edit-View,Yes,Social button is successfully removed!,02/02/2021 17:10:51,02/02/2021 17:10:54
https://devperform2-admin.sharepoint.com,https://devperform2.sharepoint.com/sites/CorporateUnderwritingApprovalsArchive2017,Display-View,Yes,Social button is successfully removed!,02/02/2021 17:10:54,02/02/2021 17:10:58
https://devperform2-admin.sharepoint.com,https://devperform2.sharepoint.com/sites/ZurichI&IPeople,Home,Yes,Social button is successfully removed!,02/03/2021 17:51:47,02/03/2021 17:51:59
https://devperform2-admin.sharepoint.com,https://devperform2.sharepoint.com/sites/ZurichI&IPeople,FAQs,Yes,Social button is successfully removed!,02/03/2021 17:51:59,02/03/2021 17:52:03
https://devperform2-admin.sharepoint.com,https://devperform2.sharepoint.com/sites/ZurichI&IPeople,QuickLink,Yes,Social button is successfully removed!,02/03/2021 17:52:03,02/03/2021 17:52:06
https://devperform2-admin.sharepoint.com,https://devperform2.sharepoint.com/sites/ZurichI&IPeople,TeamLeaders,Yes,Social button is successfully removed!,02/03/2021 17:52:06,02/03/2021 17:52:09
https://devperform2-admin.sharepoint.com,https://devperform2.sharepoint.com/sites/ZurichI&IPeople,Application,Yes,Social button is successfully removed!,02/03/2021 17:52:09,02/03/2021 17:52:13
https://devperform2-admin.sharepoint.com,https://devperform2.sharepoint.com/sites/ZurichI&IPeople,New-Form,Yes,Social button is successfully removed!,02/03/2021 17:52:13,02/03/2021 17:52:16
https://devperform2-admin.sharepoint.com,https://devperform2.sharepoint.com/sites/ZurichI&IPeople,Edit-Form,Yes,Social button is successfully removed!,02/03/2021 17:52:16,02/03/2021 17:52:19
https://devperform2-admin.sharepoint.com,https://devperform2.sharepoint.com/sites/ZurichI&IPeople,Display-Form,Yes,Social button is successfully removed!,02/03/2021 17:52:19,02/03/2021 17:52:22
https://devperform2-admin.sharepoint.com,https://devperform2.sharepoint.com/sites/ZurichI&IPeople,Edit-View,Yes,Social button is successfully removed!,02/03/2021 17:52:22,02/03/2021 17:52:25
https://devperform2-admin.sharepoint.com,https://devperform2.sharepoint.com/sites/ZurichI&IPeople,Display-View,Yes,Social button is successfully removed!,02/03/2021 17:52:25,02/03/2021 17:52:27
https://devperform2-admin.sharepoint.com,https://devperform2.sharepoint.com/sites/ZurichI&IPeople,Home,Yes,Social button is successfully removed!,02/03/2021 17:56:35,02/03/2021 17:56:43
https://devperform2-admin.sharepoint.com,https://devperform2.sharepoint.com/sites/ZurichI&IPeople,FAQs,Yes,Social button is successfully removed!,02/03/2021 17:56:43,02/03/2021 17:56:46
https://devperform2-admin.sharepoint.com,https://devperform2.sharepoint.com/sites/ZurichI&IPeople,TeamLeaders,Yes,Social button is successfully removed!,02/03/2021 17:56:46,02/03/2021 17:56:49
https://devperform2-admin.sharepoint.com,https://devperform2.sharepoint.com/sites/ZurichI&IPeople,Application,Yes,Social button is successfully removed!,02/03/2021 17:56:49,02/03/2021 17:56:52
https://devperform2-admin.sharepoint.com,https://devperform2.sharepoint.com/sites/ZurichI&IPeople,New-Form,Yes,Social button is successfully removed!,02/03/2021 17:56:52,02/03/2021 17:56:55
https://devperform2-admin.sharepoint.com,https://devperform2.sharepoint.com/sites/ZurichI&IPeople,Edit-Form,Yes,Social button is successfully removed!,02/03/2021 17:56:55,02/03/2021 17:56:58
https://devperform2-admin.sharepoint.com,https://devperform2.sharepoint.com/sites/ZurichI&IPeople,Display-Form,Yes,Social button is successfully removed!,02/03/2021 17:56:58,02/03/2021 17:57:01
https://devperform2-admin.sharepoint.com,https://devperform2.sharepoint.com/sites/ZurichI&IPeople,Edit-View,Yes,Social button is successfully removed!,02/03/2021 17:57:01,02/03/2021 17:57:04
https://devperform2-admin.sharepoint.com,https://devperform2.sharepoint.com/sites/ZurichI&IPeople,Display-View,Yes,Social button is successfully removed!,02/03/2021 17:57:04,02/03/2021 17:57:06
https://devperform2-admin.sharepoint.com,https://devperform2.sharepoint.com/sites/eCommerceSirLog,Home,Yes,Social button is successfully removed!,02/04/2021 19:19:19,02/04/2021 19:19:27
https://devperform2-admin.sharepoint.com,https://devperform2.sharepoint.com/sites/eCommerceSirLog,FAQs,Yes,Social button is successfully removed!,02/04/2021 19:19:27,02/04/2021 19:19:30
https://devperform2-admin.sharepoint.com,https://devperform2.sharepoint.com/sites/eCommerceSirLog,TeamLeaders,Yes,Social button is successfully removed!,02/04/2021 19:19:30,02/04/2021 19:19:33
https://devperform2-admin.sharepoint.com,https://devperform2.sharepoint.com/sites/eCommerceSirLog,Application,Yes,Social button is successfully removed!,02/04/2021 19:19:33,02/04/2021 19:19:36
https://devperform2-admin.sharepoint.com,https://devperform2.sharepoint.com/sites/eCommerceSirLog,New-Form,Yes,Social button is successfully removed!,02/04/2021 19:19:36,02/04/2021 19:19:38
https://devperform2-admin.sharepoint.com,https://devperform2.sharepoint.com/sites/eCommerceSirLog,Edit-Form,Yes,Social button is successfully removed!,02/04/2021 19:19:38,02/04/2021 19:19:41
https://devperform2-admin.sharepoint.com,https://devperform2.sharepoint.com/sites/eCommerceSirLog,Display-Form,Yes,Social button is successfully removed!,02/04/2021 19:19:41,02/04/2021 19:19:44
https://devperform2-admin.sharepoint.com,https://devperform2.sharepoint.com/sites/eCommerceSirLog,Edit-View,Yes,Social button is successfully removed!,02/04/2021 19:19:44,02/04/2021 19:19:47
https://devperform2-admin.sharepoint.com,https://devperform2.sharepoint.com/sites/eCommerceSirLog,Display-View,Yes,Social button is successfully removed!,02/04/2021 19:19:47,02/04/2021 19:19:49
https://devperform2-admin.sharepoint.com,https://devperform2.sharepoint.com/sites/IntranetProjects,Home,Yes,Social button is successfully removed!,02/05/2021 18:00:26,02/05/2021 18:00:36
https://devperform2-admin.sharepoint.com,https://devperform2.sharepoint.com/sites/IntranetProjects,FAQs,Yes,Social button is successfully removed!,02/05/2021 18:00:36,02/05/2021 18:00:41
https://devperform2-admin.sharepoint.com,https://devperform2.sharepoint.com/sites/IntranetProjects,TeamLeaders,Yes,Social button is successfully removed!,02/05/2021 18:00:41,02/05/2021 18:00:45
https://devperform2-admin.sharepoint.com,https://devperform2.sharepoint.com/sites/IntranetProjects,Application,Yes,Social button is successfully removed!,02/05/2021 18:00:45,02/05/2021 18:00:49
https://devperform2-admin.sharepoint.com,https://devperform2.sharepoint.com/sites/IntranetProjects,New-Form,Yes,Social button is successfully removed!,02/05/2021 18:00:49,02/05/2021 18:00:53
https://devperform2-admin.sharepoint.com,https://devperform2.sharepoint.com/sites/IntranetProjects,Edit-Form,Yes,Social button is successfully removed!,02/05/2021 18:00:53,02/05/2021 18:00:55
https://devperform2-admin.sharepoint.com,https://devperform2.sharepoint.com/sites/IntranetProjects,Display-Form,Yes,Social button is successfully removed!,02/05/2021 18:00:55,02/05/2021 18:00:59
https://devperform2-admin.sharepoint.com,https://devperform2.sharepoint.com/sites/IntranetProjects,Edit-View,Yes,Social button is successfully removed!,02/05/2021 18:00:59,02/05/2021 18:01:01
https://devperform2-admin.sharepoint.com,https://devperform2.sharepoint.com/sites/IntranetProjects,Display-View,Yes,Social button is successfully removed!,02/05/2021 18:01:01,02/05/2021 18:01:05
https://devperform2-admin.sharepoint.com,https://devperform2.sharepoint.com/sites/ChannelZHomePage,Home,Yes,Social button is successfully removed!,02/09/2021 16:32:31,02/09/2021 16:32:40
https://devperform2-admin.sharepoint.com,https://devperform2.sharepoint.com/sites/ChannelZHomePage,FAQs,Yes,Social button is successfully removed!,02/09/2021 16:32:40,02/09/2021 16:32:43
https://devperform2-admin.sharepoint.com,https://devperform2.sharepoint.com/sites/ChannelZHomePage,TeamLeaders,Yes,Social button is successfully removed!,02/09/2021 16:32:43,02/09/2021 16:32:46
https://devperform2-admin.sharepoint.com,https://devperform2.sharepoint.com/sites/ChannelZHomePage,Application,Yes,Social button is successfully removed!,02/09/2021 16:32:46,02/09/2021 16:32:49
https://devperform2-admin.sharepoint.com,https://devperform2.sharepoint.com/sites/ChannelZHomePage,New-Form,Yes,Social button is successfully removed!,02/09/2021 16:32:49,02/09/2021 16:32:54
https://devperform2-admin.sharepoint.com,https://devperform2.sharepoint.com/sites/ChannelZHomePage,Edit-Form,Yes,Social button is successfully removed!,02/09/2021 16:32:54,02/09/2021 16:32:56
https://devperform2-admin.sharepoint.com,https://devperform2.sharepoint.com/sites/ChannelZHomePage,Display-Form,Yes,Social button is successfully removed!,02/09/2021 16:32:56,02/09/2021 16:32:59
https://devperform2-admin.sharepoint.com,https://devperform2.sharepoint.com/sites/ChannelZHomePage,Edit-View,Yes,Social button is successfully removed!,02/09/2021 16:32:59,02/09/2021 16:33:02
https://devperform2-admin.sharepoint.com,https://devperform2.sharepoint.com/sites/ChannelZHomePage,Display-View,Yes,Social button is successfully removed!,02/09/2021 16:33:02,02/09/2021 16:33:05
https://devperform2-admin.sharepoint.com,https://devperform2.sharepoint.com/sites/IntranetProjects,Home,Yes,Social button is successfully removed!,02/09/2021 16:33:05,02/09/2021 16:33:07
https://devperform2-admin.sharepoint.com,https://devperform2.sharepoint.com/sites/IntranetProjects,FAQs,Yes,Social button is successfully removed!,02/09/2021 16:33:07,02/09/2021 16:33:11
https://devperform2-admin.sharepoint.com,https://devperform2.sharepoint.com/sites/IntranetProjects,TeamLeaders,Yes,Social button is successfully removed!,02/09/2021 16:33:11,02/09/2021 16:33:13
https://devperform2-admin.sharepoint.com,https://devperform2.sharepoint.com/sites/IntranetProjects,Application,Yes,Social button is successfully removed!,02/09/2021 16:33:13,02/09/2021 16:33:16
https://devperform2-admin.sharepoint.com,https://devperform2.sharepoint.com/sites/IntranetProjects,New-Form,Yes,Social button is successfully removed!,02/09/2021 16:33:16,02/09/2021 16:33:19
https://devperform2-admin.sharepoint.com,https://devperform2.sharepoint.com/sites/IntranetProjects,Edit-Form,Yes,Social button is successfully removed!,02/09/2021 16:33:19,02/09/2021 16:33:22
https://devperform2-admin.sharepoint.com,https://devperform2.sharepoint.com/sites/IntranetProjects,Display-Form,Yes,Social button is successfully removed!,02/09/2021 16:33:22,02/09/2021 16:33:24
https://devperform2-admin.sharepoint.com,https://devperform2.sharepoint.com/sites/IntranetProjects,Edit-View,Yes,Social button is successfully removed!,02/09/2021 16:33:24,02/09/2021 16:33:28
https://devperform2-admin.sharepoint.com,https://devperform2.sharepoint.com/sites/IntranetProjects,Display-View,Yes,Social button is successfully removed!,02/09/2021 16:33:28,02/09/2021 16:33:30
https://devperform2-admin.sharepoint.com,https://devperform2.sharepoint.com/sites/ReceivedUnitGlobalCorporate,Home,Yes,Social button is successfully removed!,02/10/2021 16:02:30,02/10/2021 16:02:37
https://devperform2-admin.sharepoint.com,https://devperform2.sharepoint.com/sites/ReceivedUnitGlobalCorporate,FAQs,Yes,Social button is successfully removed!,02/10/2021 16:02:37,02/10/2021 16:02:40
https://devperform2-admin.sharepoint.com,https://devperform2.sharepoint.com/sites/ReceivedUnitGlobalCorporate,TeamLeaders,Yes,Social button is successfully removed!,02/10/2021 16:02:40,02/10/2021 16:02:44
https://devperform2-admin.sharepoint.com,https://devperform2.sharepoint.com/sites/ReceivedUnitGlobalCorporate,Application,Yes,Social button is successfully removed!,02/10/2021 16:02:44,02/10/2021 16:02:47
https://devperform2-admin.sharepoint.com,https://devperform2.sharepoint.com/sites/ReceivedUnitGlobalCorporate,New-Form,Yes,Social button is successfully removed!,02/10/2021 16:02:47,02/10/2021 16:02:51
https://devperform2-admin.sharepoint.com,https://devperform2.sharepoint.com/sites/ReceivedUnitGlobalCorporate,Edit-Form,Yes,Social button is successfully removed!,02/10/2021 16:02:51,02/10/2021 16:02:54
https://devperform2-admin.sharepoint.com,https://devperform2.sharepoint.com/sites/ReceivedUnitGlobalCorporate,Display-Form,Yes,Social button is successfully removed!,02/10/2021 16:02:54,02/10/2021 16:02:57
https://devperform2-admin.sharepoint.com,https://devperform2.sharepoint.com/sites/ReceivedUnitGlobalCorporate,Edit-View,Yes,Social button is successfully removed!,02/10/2021 16:02:57,02/10/2021 16:03:00
https://devperform2-admin.sharepoint.com,https://devperform2.sharepoint.com/sites/ReceivedUnitGlobalCorporate,Display-View,Yes,Social button is successfully removed!,02/10/2021 16:03:00,02/10/2021 16:03:03
https://devperform2-admin.sharepoint.com,https://devperform2.sharepoint.com/sites/LossFundDatabase,Home,Yes,Social button is successfully removed!,02/10/2021 16:03:03,02/10/2021 16:03:08
https://devperform2-admin.sharepoint.com,https://devperform2.sharepoint.com/sites/LossFundDatabase,FAQs,Yes,Social button is successfully removed!,02/10/2021 16:03:08,02/10/2021 16:03:11
https://devperform2-admin.sharepoint.com,https://devperform2.sharepoint.com/sites/LossFundDatabase,TeamLeaders,Yes,Social button is successfully removed!,02/10/2021 16:03:11,02/10/2021 16:03:14
https://devperform2-admin.sharepoint.com,https://devperform2.sharepoint.com/sites/LossFundDatabase,Application,Yes,Social button is successfully removed!,02/10/2021 16:03:14,02/10/2021 16:03:18
https://devperform2-admin.sharepoint.com,https://devperform2.sharepoint.com/sites/LossFundDatabase,New-Form,Yes,Social button is successfully removed!,02/10/2021 16:03:18,02/10/2021 16:03:21
https://devperform2-admin.sharepoint.com,https://devperform2.sharepoint.com/sites/LossFundDatabase,Edit-Form,Yes,Social button is successfully removed!,02/10/2021 16:03:21,02/10/2021 16:03:25
https://devperform2-admin.sharepoint.com,https://devperform2.sharepoint.com/sites/LossFundDatabase,Display-Form,Yes,Social button is successfully removed!,02/10/2021 16:03:25,02/10/2021 16:03:29
https://devperform2-admin.sharepoint.com,https://devperform2.sharepoint.com/sites/LossFundDatabase,Edit-View,Yes,Social button is successfully removed!,02/10/2021 16:03:29,02/10/2021 16:03:32
https://devperform2-admin.sharepoint.com,https://devperform2.sharepoint.com/sites/LossFundDatabase,Display-View,Yes,Social button is successfully removed!,02/10/2021 16:03:32,02/10/2021 16:03:35
https://devperform2-admin.sharepoint.com,https://devperform2.sharepoint.com/sites/EFLBackUP,Home,Yes,Social button is successfully removed!,02/11/2021 16:03:25,02/11/2021 16:03:31
https://devperform2-admin.sharepoint.com,https://devperform2.sharepoint.com/sites/EFLBackUP,FAQs,Yes,Social button is successfully removed!,02/11/2021 16:03:32,02/11/2021 16:03:34
https://devperform2-admin.sharepoint.com,https://devperform2.sharepoint.com/sites/EFLBackUP,TeamLeaders,Yes,Social button is successfully removed!,02/11/2021 16:03:34,02/11/2021 16:03:38
https://devperform2-admin.sharepoint.com,https://devperform2.sharepoint.com/sites/EFLBackUP,Application,Yes,Social button is successfully removed!,02/11/2021 16:03:38,02/11/2021 16:03:41
https://devperform2-admin.sharepoint.com,https://devperform2.sharepoint.com/sites/EFLBackUP,New-Form,Yes,Social button is successfully removed!,02/11/2021 16:03:41,02/11/2021 16:03:43
https://devperform2-admin.sharepoint.com,https://devperform2.sharepoint.com/sites/EFLBackUP,Edit-Form,Yes,Social button is successfully removed!,02/11/2021 16:03:43,02/11/2021 16:03:47
https://devperform2-admin.sharepoint.com,https://devperform2.sharepoint.com/sites/EFLBackUP,Display-Form,Yes,Social button is successfully removed!,02/11/2021 16:03:47,02/11/2021 16:03:49
https://devperform2-admin.sharepoint.com,https://devperform2.sharepoint.com/sites/EFLBackUP,Edit-View,Yes,Social button is successfully removed!,02/11/2021 16:03:50,02/11/2021 16:03:53
https://devperform2-admin.sharepoint.com,https://devperform2.sharepoint.com/sites/EFLBackUP,Display-View,Yes,Social button is successfully removed!,02/11/2021 16:03:53,02/11/2021 16:03:56
https://devperform2-admin.sharepoint.com,https://devperform2.sharepoint.com/sites/ApplicationChangeRequest,Home,Yes,Social button is successfully removed!,02/12/2021 14:25:45,02/12/2021 14:25:52
https://devperform2-admin.sharepoint.com,https://devperform2.sharepoint.com/sites/ApplicationChangeRequest,FAQs,Yes,Social button is successfully removed!,02/12/2021 14:25:52,02/12/2021 14:25:55
https://devperform2-admin.sharepoint.com,https://devperform2.sharepoint.com/sites/ApplicationChangeRequest,TeamLeaders,Yes,Social button is successfully removed!,02/12/2021 14:25:55,02/12/2021 14:25:58
https://devperform2-admin.sharepoint.com,https://devperform2.sharepoint.com/sites/ApplicationChangeRequest,Application,Yes,Social button is successfully removed!,02/12/2021 14:25:59,02/12/2021 14:26:01
https://devperform2-admin.sharepoint.com,https://devperform2.sharepoint.com/sites/ApplicationChangeRequest,New-Form,Yes,Social button is successfully removed!,02/12/2021 14:26:01,02/12/2021 14:26:04
https://devperform2-admin.sharepoint.com,https://devperform2.sharepoint.com/sites/ApplicationChangeRequest,Edit-Form,Yes,Social button is successfully removed!,02/12/2021 14:26:04,02/12/2021 14:26:07
https://devperform2-admin.sharepoint.com,https://devperform2.sharepoint.com/sites/ApplicationChangeRequest,Display-Form,Yes,Social button is successfully removed!,02/12/2021 14:26:07,02/12/2021 14:26:10
https://devperform2-admin.sharepoint.com,https://devperform2.sharepoint.com/sites/ApplicationChangeRequest,Edit-View,Yes,Social button is successfully removed!,02/12/2021 14:26:10,02/12/2021 14:26:13
https://devperform2-admin.sharepoint.com,https://devperform2.sharepoint.com/sites/ApplicationChangeRequest,Display-View,Yes,Social button is successfully removed!,02/12/2021 14:26:13,02/12/2021 14:26:15
https://devperform2-admin.sharepoint.com,https://devperform2.sharepoint.com/sites/CollRecMgmtCorrespondence,Home,Yes,Social button is successfully removed!,02/15/2021 17:28:58,02/15/2021 17:29:06
https://devperform2-admin.sharepoint.com,https://devperform2.sharepoint.com/sites/CollRecMgmtCorrespondence,FAQs,Yes,Social button is successfully removed!,02/15/2021 17:29:06,02/15/2021 17:29:10
https://devperform2-admin.sharepoint.com,https://devperform2.sharepoint.com/sites/CollRecMgmtCorrespondence,TeamLeaders,Yes,Social button is successfully removed!,02/15/2021 17:29:10,02/15/2021 17:29:14
https://devperform2-admin.sharepoint.com,https://devperform2.sharepoint.com/sites/CollRecMgmtCorrespondence,Application,Yes,Social button is successfully removed!,02/15/2021 17:29:14,02/15/2021 17:29:17
https://devperform2-admin.sharepoint.com,https://devperform2.sharepoint.com/sites/CollRecMgmtCorrespondence,New-Form,Yes,Social button is successfully removed!,02/15/2021 17:29:17,02/15/2021 17:29:20
https://devperform2-admin.sharepoint.com,https://devperform2.sharepoint.com/sites/CollRecMgmtCorrespondence,Edit-Form,Yes,Social button is successfully removed!,02/15/2021 17:29:20,02/15/2021 17:29:23
https://devperform2-admin.sharepoint.com,https://devperform2.sharepoint.com/sites/CollRecMgmtCorrespondence,Display-Form,Yes,Social button is successfully removed!,02/15/2021 17:29:23,02/15/2021 17:29:26
https://devperform2-admin.sharepoint.com,https://devperform2.sharepoint.com/sites/CollRecMgmtCorrespondence,Edit-View,Yes,Social button is successfully removed!,02/15/2021 17:29:26,02/15/2021 17:29:29
https://devperform2-admin.sharepoint.com,https://devperform2.sharepoint.com/sites/CollRecMgmtCorrespondence,Display-View,Yes,Social button is successfully removed!,02/15/2021 17:29:29,02/15/2021 17:29:32
https://devperform2-admin.sharepoint.com,https://devperform2.sharepoint.com/sites/ContactManagementDB,Home,Yes,Social button is successfully removed!,02/16/2021 16:40:27,02/16/2021 16:40:34
https://devperform2-admin.sharepoint.com,https://devperform2.sharepoint.com/sites/ContactManagementDB,FAQs,Yes,Social button is successfully removed!,02/16/2021 16:40:34,02/16/2021 16:40:38
https://devperform2-admin.sharepoint.com,https://devperform2.sharepoint.com/sites/ContactManagementDB,TeamLeaders,Yes,Social button is successfully removed!,02/16/2021 16:40:38,02/16/2021 16:40:41
https://devperform2-admin.sharepoint.com,https://devperform2.sharepoint.com/sites/ContactManagementDB,Application,Yes,Social button is successfully removed!,02/16/2021 16:40:41,02/16/2021 16:40:44
https://devperform2-admin.sharepoint.com,https://devperform2.sharepoint.com/sites/ContactManagementDB,New-Form,Yes,Social button is successfully removed!,02/16/2021 16:40:44,02/16/2021 16:40:46
https://devperform2-admin.sharepoint.com,https://devperform2.sharepoint.com/sites/ContactManagementDB,Edit-Form,Yes,Social button is successfully removed!,02/16/2021 16:40:46,02/16/2021 16:40:49
https://devperform2-admin.sharepoint.com,https://devperform2.sharepoint.com/sites/ContactManagementDB,Display-Form,Yes,Social button is successfully removed!,02/16/2021 16:40:49,02/16/2021 16:40:52
https://devperform2-admin.sharepoint.com,https://devperform2.sharepoint.com/sites/ContactManagementDB,Edit-View,Yes,Social button is successfully removed!,02/16/2021 16:40:52,02/16/2021 16:40:56
https://devperform2-admin.sharepoint.com,https://devperform2.sharepoint.com/sites/ContactManagementDB,Display-View,Yes,Social button is successfully removed!,02/16/2021 16:40:56,02/16/2021 16:40:59
https://devperform2-admin.sharepoint.com,https://devperform2.sharepoint.com/sites/ContactManagementDB,Home,Yes,Social button is successfully removed!,02/17/2021 14:43:34,02/17/2021 14:43:41
https://devperform2-admin.sharepoint.com,https://devperform2.sharepoint.com/sites/ContactManagementDB,FAQs,Yes,Social button is successfully removed!,02/17/2021 14:43:41,02/17/2021 14:43:44
https://devperform2-admin.sharepoint.com,https://devperform2.sharepoint.com/sites/ContactManagementDB,TeamLeaders,Yes,Social button is successfully removed!,02/17/2021 14:43:44,02/17/2021 14:43:47
https://devperform2-admin.sharepoint.com,https://devperform2.sharepoint.com/sites/ContactManagementDB,Application,Yes,Social button is successfully removed!,02/17/2021 14:43:47,02/17/2021 14:43:50
https://devperform2-admin.sharepoint.com,https://devperform2.sharepoint.com/sites/ContactManagementDB,New-Form,Yes,Social button is successfully removed!,02/17/2021 14:43:50,02/17/2021 14:43:53
https://devperform2-admin.sharepoint.com,https://devperform2.sharepoint.com/sites/ContactManagementDB,Edit-Form,Yes,Social button is successfully removed!,02/17/2021 14:43:53,02/17/2021 14:43:57
https://devperform2-admin.sharepoint.com,https://devperform2.sharepoint.com/sites/ContactManagementDB,Display-Form,Yes,Social button is successfully removed!,02/17/2021 14:43:57,02/17/2021 14:44:01
https://devperform2-admin.sharepoint.com,https://devperform2.sharepoint.com/sites/ContactManagementDB,Edit-View,Yes,Social button is successfully removed!,02/17/2021 14:44:01,02/17/2021 14:44:04
https://devperform2-admin.sharepoint.com,https://devperform2.sharepoint.com/sites/ContactManagementDB,Display-View,Yes,Social button is successfully removed!,02/17/2021 14:44:04,02/17/2021 14:44:07
https://devperform2-admin.sharepoint.com,https://devperform2.sharepoint.com/sites/REEL,Home,Yes,Social button is successfully removed!,02/17/2021 17:24:32,02/17/2021 17:24:36
https://devperform2-admin.sharepoint.com,https://devperform2.sharepoint.com/sites/REEL,FAQs,Yes,Social button is successfully removed!,02/17/2021 17:24:37,02/17/2021 17:24:41
https://devperform2-admin.sharepoint.com,https://devperform2.sharepoint.com/sites/REEL,TeamLeaders,Yes,Social button is successfully removed!,02/17/2021 17:24:41,02/17/2021 17:24:44
https://devperform2-admin.sharepoint.com,https://devperform2.sharepoint.com/sites/REEL,Application,Yes,Social button is successfully removed!,02/17/2021 17:24:44,02/17/2021 17:24:48
https://devperform2-admin.sharepoint.com,https://devperform2.sharepoint.com/sites/REEL,New-Form,Yes,Social button is successfully removed!,02/17/2021 17:24:48,02/17/2021 17:24:51
https://devperform2-admin.sharepoint.com,https://devperform2.sharepoint.com/sites/REEL,Edit-Form,Yes,Social button is successfully removed!,02/17/2021 17:24:51,02/17/2021 17:24:54
https://devperform2-admin.sharepoint.com,https://devperform2.sharepoint.com/sites/REEL,Display-Form,Yes,Social button is successfully removed!,02/17/2021 17:24:54,02/17/2021 17:24:57
https://devperform2-admin.sharepoint.com,https://devperform2.sharepoint.com/sites/REEL,Edit-View,Yes,Social button is successfully removed!,02/17/2021 17:24:57,02/17/2021 17:25:01
https://devperform2-admin.sharepoint.com,https://devperform2.sharepoint.com/sites/REEL,Display-View,Yes,Social button is successfully removed!,02/17/2021 17:25:01,02/17/2021 17:25:04
https://devperform2-admin.sharepoint.com,https://devperform2.sharepoint.com/sites/TechnicalUnderwritingReferralFacility,Home,Yes,Social button is successfully removed!,02/18/2021 17:33:28,02/18/2021 17:33:39
https://devperform2-admin.sharepoint.com,https://devperform2.sharepoint.com/sites/TechnicalUnderwritingReferralFacility,FAQs,Yes,Social button is successfully removed!,02/18/2021 17:33:39,02/18/2021 17:33:43
https://devperform2-admin.sharepoint.com,https://devperform2.sharepoint.com/sites/TechnicalUnderwritingReferralFacility,TeamLeaders,Yes,Social button is successfully removed!,02/18/2021 17:33:43,02/18/2021 17:33:49
https://devperform2-admin.sharepoint.com,https://devperform2.sharepoint.com/sites/TechnicalUnderwritingReferralFacility,Application,Yes,Social button is successfully removed!,02/18/2021 17:33:49,02/18/2021 17:33:52
https://devperform2-admin.sharepoint.com,https://devperform2.sharepoint.com/sites/TechnicalUnderwritingReferralFacility,New-Form,Yes,Social button is successfully removed!,02/18/2021 17:33:52,02/18/2021 17:33:54
https://devperform2-admin.sharepoint.com,https://devperform2.sharepoint.com/sites/TechnicalUnderwritingReferralFacility,Edit-Form,Yes,Social button is successfully removed!,02/18/2021 17:33:54,02/18/2021 17:33:58
https://devperform2-admin.sharepoint.com,https://devperform2.sharepoint.com/sites/TechnicalUnderwritingReferralFacility,Display-Form,Yes,Social button is successfully removed!,02/18/2021 17:33:58,02/18/2021 17:34:01
https://devperform2-admin.sharepoint.com,https://devperform2.sharepoint.com/sites/TechnicalUnderwritingReferralFacility,Edit-View,Yes,Social button is successfully removed!,02/18/2021 17:34:01,02/18/2021 17:34:04
https://devperform2-admin.sharepoint.com,https://devperform2.sharepoint.com/sites/TechnicalUnderwritingReferralFacility,Display-View,Yes,Social button is successfully removed!,02/18/2021 17:34:04,02/18/2021 17:34:10
