Tenant_URL,Destination_URL,Page_Name,Disable_Comments,Status,Start_Date, End_Date
https://demoperform1-admin.sharepoint.com,https://demoperform1.sharepoint.com/sites/Test4,Home,No,Social button is successfully removed!,01-17-2021 20.09,01-17-2021 20.10
https://demoperform1-admin.sharepoint.com,https://demoperform1.sharepoint.com/sites/Test4,Home,Yes,Social button is successfully removed!,01-17-2021 20.10,01-17-2021 20.10
https://demoperform1-admin.sharepoint.com,https://demoperform1.sharepoint.com/sites/Test4,Home,No,Social button is successfully removed!,01-17-2021 20.13,01-17-2021 20.13
https://demoperform1-admin.sharepoint.com,https://demoperform1.sharepoint.com/sites/Test4,Home,Yes,Social button is successfully removed!,01-17-2021 20.13,01-17-2021 20.13
https://demoperform1-admin.sharepoint.com,https://demoperform1.sharepoint.com/sites/Test4,Home,No,Social button is successfully added!,01-17-2021 20.14,01-17-2021 20.15
https://demoperform1-admin.sharepoint.com,https://demoperform1.sharepoint.com/sites/Test4,Home,Yes,Social button is successfully removed!,01-17-2021 20.15,01-17-2021 20.15
https://demoperform1-admin.sharepoint.com,https://demoperform1.sharepoint.com/sites/Test4,FAQs,No,Comments button is successfully added!,01/17/2021 20:28:57,01/17/2021 20:29:20
https://demoperform1-admin.sharepoint.com,https://demoperform1.sharepoint.com/sites/Test4,FAQs,Yes,Comments button is successfully removed!,01/17/2021 20:29:20,01/17/2021 20:29:39
https://devperform2-admin.sharepoint.com,https://devperform2.sharepoint.com/sites/MidMarketEndorsments,Home,Yes,Comments button is successfully removed!,01/19/2021 16:13:33,01/19/2021 16:13:45
https://devperform2-admin.sharepoint.com,https://devperform2.sharepoint.com/sites/MidMarketEndorsments,FAQs,Yes,Comments button is successfully removed!,01/19/2021 16:13:45,01/19/2021 16:13:54
https://devperform2-admin.sharepoint.com,https://devperform2.sharepoint.com/sites/MidMarketEndorsments,QuickLink,Yes,Comments button is successfully removed!,01/19/2021 16:13:54,01/19/2021 16:14:07
https://devperform2-admin.sharepoint.com,https://devperform2.sharepoint.com/sites/MidMarketEndorsments,TeamLeaders,Yes,Comments button is successfully removed!,01/19/2021 16:14:07,01/19/2021 16:14:17
https://devperform2-admin.sharepoint.com,https://devperform2.sharepoint.com/sites/MidMarketEndorsments,Application,Yes,Comments button is successfully removed!,01/19/2021 16:14:17,01/19/2021 16:14:27
https://devperform2-admin.sharepoint.com,https://devperform2.sharepoint.com/sites/MidMarketEndorsments,New-Form,Yes,Comments button is successfully removed!,01/19/2021 16:14:27,01/19/2021 16:14:38
https://devperform2-admin.sharepoint.com,https://devperform2.sharepoint.com/sites/MidMarketEndorsments,Edit-Form,Yes,Comments button is successfully removed!,01/19/2021 16:14:38,01/19/2021 16:14:49
https://devperform2-admin.sharepoint.com,https://devperform2.sharepoint.com/sites/MidMarketEndorsments,Display-Form,Yes,Comments button is successfully removed!,01/19/2021 16:14:49,01/19/2021 16:15:01
https://devperform2-admin.sharepoint.com,https://devperform2.sharepoint.com/sites/MidMarketPACE,Home,Yes,Comments button is successfully removed!,01/19/2021 16:15:01,01/19/2021 16:15:15
https://devperform2-admin.sharepoint.com,https://devperform2.sharepoint.com/sites/MidMarketPACE,FAQs,Yes,Comments button is successfully removed!,01/19/2021 16:15:15,01/19/2021 16:15:26
https://devperform2-admin.sharepoint.com,https://devperform2.sharepoint.com/sites/MidMarketPACE,QuickLink,Yes,Comments button is successfully removed!,01/19/2021 16:15:26,01/19/2021 16:15:39
https://devperform2-admin.sharepoint.com,https://devperform2.sharepoint.com/sites/MidMarketPACE,TeamLeaders,Yes,Comments button is successfully removed!,01/19/2021 16:15:39,01/19/2021 16:15:50
https://devperform2-admin.sharepoint.com,https://devperform2.sharepoint.com/sites/MidMarketPACE,Application,Yes,Comments button is successfully removed!,01/19/2021 16:15:50,01/19/2021 16:16:01
https://devperform2-admin.sharepoint.com,https://devperform2.sharepoint.com/sites/MidMarketPACE,New-Form,Yes,Comments button is successfully removed!,01/19/2021 16:16:01,01/19/2021 16:16:12
https://devperform2-admin.sharepoint.com,https://devperform2.sharepoint.com/sites/MidMarketPACE,Edit-Form,Yes,Comments button is successfully removed!,01/19/2021 16:16:12,01/19/2021 16:16:22
https://devperform2-admin.sharepoint.com,https://devperform2.sharepoint.com/sites/MidMarketPACE,Display-Form,Yes,Comments button is successfully removed!,01/19/2021 16:16:22,01/19/2021 16:16:32
https://devperform2-admin.sharepoint.com,https://devperform2.sharepoint.com/sites/MidMarketEndorsments,Regions,Yes,Comments button is successfully removed!,01/20/2021 03:56:42,01/20/2021 03:56:48
https://devperform2-admin.sharepoint.com,https://devperform2.sharepoint.com/sites/MidMarketEndorsments,Administration,Yes,Comments button is successfully removed!,01/20/2021 03:56:48,01/20/2021 03:56:55
https://devperform2-admin.sharepoint.com,https://devperform2.sharepoint.com/sites/MidMarketEndorsments,Endorsement-ID,Yes,Comments button is successfully removed!,01/20/2021 03:56:55,01/20/2021 03:57:01
https://devperform2-admin.sharepoint.com,https://devperform2.sharepoint.com/sites/MidMarketEndorsments,Endorsement-Status,Yes,Comments button is successfully removed!,01/20/2021 03:57:01,01/20/2021 03:57:07
https://devperform2-admin.sharepoint.com,https://devperform2.sharepoint.com/sites/MidMarketEndorsments,Endorsement-Type,Yes,Comments button is successfully removed!,01/20/2021 03:57:07,01/20/2021 03:57:13
https://devperform2-admin.sharepoint.com,https://devperform2.sharepoint.com/sites/MidMarketEndorsments,Display-View,Yes,Comments button is successfully removed!,01/20/2021 04:17:02,01/20/2021 04:17:08
https://devperform2-admin.sharepoint.com,https://devperform2.sharepoint.com/sites/PolicyDocumentRepository,Home,Yes,Comments button is successfully removed!,01/20/2021 22:45:43,01/20/2021 22:46:39
https://devperform2-admin.sharepoint.com,https://devperform2.sharepoint.com/sites/PolicyDocumentRepository,FAQs,Yes,Comments button is successfully removed!,01/20/2021 22:46:39,01/20/2021 22:47:13
https://devperform2-admin.sharepoint.com,https://devperform2.sharepoint.com/sites/PolicyDocumentRepository,QuickLink,Yes,Comments button is successfully removed!,01/20/2021 22:47:13,01/20/2021 22:47:54
https://devperform2-admin.sharepoint.com,https://devperform2.sharepoint.com/sites/PolicyDocumentRepository,TeamLeaders,Yes,Comments button is successfully removed!,01/20/2021 22:47:54,01/20/2021 22:48:59
https://devperform2-admin.sharepoint.com,https://devperform2.sharepoint.com/sites/PolicyDocumentRepository,Application,Yes,Comments button is successfully removed!,01/20/2021 22:48:59,01/20/2021 22:49:43
https://devperform2-admin.sharepoint.com,https://devperform2.sharepoint.com/sites/PolicyDocumentRepository,New-Form,Yes,Comments button is successfully removed!,01/20/2021 22:49:43,01/20/2021 22:50:50
https://devperform2-admin.sharepoint.com,https://devperform2.sharepoint.com/sites/PolicyDocumentRepository,Edit-Form,Yes,Comments button is successfully removed!,01/20/2021 22:50:50,01/20/2021 22:51:40
https://devperform2-admin.sharepoint.com,https://devperform2.sharepoint.com/sites/PolicyDocumentRepository,Home,Yes,Comments button is successfully removed!,01/20/2021 22:56:34,01/20/2021 22:57:15
https://devperform2-admin.sharepoint.com,https://devperform2.sharepoint.com/sites/PolicyDocumentRepository,FAQs,Yes,Comments button is successfully removed!,01/20/2021 22:57:15,01/20/2021 22:57:38
https://devperform2-admin.sharepoint.com,https://devperform2.sharepoint.com/sites/PolicyDocumentRepository,QuickLink,Yes,Comments button is successfully removed!,01/20/2021 22:57:38,01/20/2021 22:58:05
https://devperform2-admin.sharepoint.com,https://devperform2.sharepoint.com/sites/PolicyDocumentRepository,TeamLeaders,Yes,Comments button is successfully removed!,01/20/2021 22:58:05,01/20/2021 22:58:36
https://devperform2-admin.sharepoint.com,https://devperform2.sharepoint.com/sites/PolicyDocumentRepository,Application,Yes,Comments button is successfully removed!,01/20/2021 22:58:36,01/20/2021 22:59:05
https://devperform2-admin.sharepoint.com,https://devperform2.sharepoint.com/sites/PolicyDocumentRepository,New-Form,Yes,Comments button is successfully removed!,01/20/2021 22:59:05,01/20/2021 22:59:48
https://devperform2-admin.sharepoint.com,https://devperform2.sharepoint.com/sites/PolicyDocumentRepository,Edit-Form,Yes,Comments button is successfully removed!,01/20/2021 22:59:48,01/20/2021 23:00:17
https://devperform2-admin.sharepoint.com,https://devperform2.sharepoint.com/sites/ClaimsKeywordDatabase,Home,Yes,Comments button is successfully removed!,01/21/2021 17:40:54,01/21/2021 17:41:03
https://devperform2-admin.sharepoint.com,https://devperform2.sharepoint.com/sites/ClaimsKeywordDatabase,FAQs,Yes,Comments button is successfully removed!,01/21/2021 17:41:03,01/21/2021 17:41:09
https://devperform2-admin.sharepoint.com,https://devperform2.sharepoint.com/sites/ClaimsKeywordDatabase,QuickLink,Yes,Comments button is successfully removed!,01/21/2021 17:41:09,01/21/2021 17:41:16
https://devperform2-admin.sharepoint.com,https://devperform2.sharepoint.com/sites/ClaimsKeywordDatabase,TeamLeaders,Yes,Comments button is successfully removed!,01/21/2021 17:41:16,01/21/2021 17:41:23
https://devperform2-admin.sharepoint.com,https://devperform2.sharepoint.com/sites/ClaimsKeywordDatabase,Application,Yes,Comments button is successfully removed!,01/21/2021 17:41:23,01/21/2021 17:41:30
https://devperform2-admin.sharepoint.com,https://devperform2.sharepoint.com/sites/ClaimsKeywordDatabase,New-Form,Yes,Comments button is successfully removed!,01/21/2021 17:41:30,01/21/2021 17:41:37
https://devperform2-admin.sharepoint.com,https://devperform2.sharepoint.com/sites/ClaimsKeywordDatabase,Edit-Form,Yes,Comments button is successfully removed!,01/21/2021 17:41:37,01/21/2021 17:41:45
https://devperform2-admin.sharepoint.com,https://devperform2.sharepoint.com/sites/ClaimsKeywordDatabase,Display-Form,Yes,Comments button is successfully removed!,01/21/2021 17:41:45,01/21/2021 17:41:52
https://devperform2-admin.sharepoint.com,https://devperform2.sharepoint.com/sites/ClaimsKeywordDatabase,Display-Page,Yes,Comments button is successfully removed!,01/21/2021 17:41:52,01/21/2021 17:41:59
https://devperform2-admin.sharepoint.com,https://devperform2.sharepoint.com/sites/ClaimsKeywordDatabase,Edit-Page,Yes,Comments button is successfully removed!,01/21/2021 17:41:59,01/21/2021 17:42:05
https://devperform2-admin.sharepoint.com,https://devperform2.sharepoint.com/sites/MidMarketAbeyance,Home,Yes,Comments button is successfully removed!,01/21/2021 17:42:05,01/21/2021 17:42:12
https://devperform2-admin.sharepoint.com,https://devperform2.sharepoint.com/sites/MidMarketAbeyance,FAQs,Yes,Comments button is successfully removed!,01/21/2021 17:42:12,01/21/2021 17:42:19
https://devperform2-admin.sharepoint.com,https://devperform2.sharepoint.com/sites/MidMarketAbeyance,QuickLink,Yes,Comments button is successfully removed!,01/21/2021 17:42:19,01/21/2021 17:42:26
https://devperform2-admin.sharepoint.com,https://devperform2.sharepoint.com/sites/MidMarketAbeyance,TeamLeaders,Yes,Comments button is successfully removed!,01/21/2021 17:42:26,01/21/2021 17:42:32
https://devperform2-admin.sharepoint.com,https://devperform2.sharepoint.com/sites/MidMarketAbeyance,Application,Yes,Comments button is successfully removed!,01/21/2021 17:42:32,01/21/2021 17:42:39
https://devperform2-admin.sharepoint.com,https://devperform2.sharepoint.com/sites/MidMarketAbeyance,New-Form,Yes,Comments button is successfully removed!,01/21/2021 17:42:39,01/21/2021 17:42:47
https://devperform2-admin.sharepoint.com,https://devperform2.sharepoint.com/sites/MidMarketAbeyance,Edit-Form,Yes,Comments button is successfully removed!,01/21/2021 17:42:47,01/21/2021 17:42:54
https://devperform2-admin.sharepoint.com,https://devperform2.sharepoint.com/sites/MidMarketAbeyance,Display-Form,Yes,Comments button is successfully removed!,01/21/2021 17:42:54,01/21/2021 17:43:02
https://devperform2-admin.sharepoint.com,https://devperform2.sharepoint.com/sites/MidMarketAbeyance,Display-Page,Yes,Comments button is successfully removed!,01/21/2021 17:43:02,01/21/2021 17:43:09
https://devperform2-admin.sharepoint.com,https://devperform2.sharepoint.com/sites/MidMarketAbeyance,Edit-Page,Yes,Comments button is successfully removed!,01/21/2021 17:43:09,01/21/2021 17:43:16
https://devperform2-admin.sharepoint.com,https://devperform2.sharepoint.com/sites/QuoterLibraryNorthern,Home,Yes,Comments button is successfully removed!,01/25/2021 16:27:41,01/25/2021 16:27:47
https://devperform2-admin.sharepoint.com,https://devperform2.sharepoint.com/sites/QuoterLibraryNorthern,FAQs,Yes,Comments button is successfully removed!,01/25/2021 16:27:47,01/25/2021 16:27:51
https://devperform2-admin.sharepoint.com,https://devperform2.sharepoint.com/sites/QuoterLibraryNorthern,QuickLink,Yes,Comments button is successfully removed!,01/25/2021 16:27:51,01/25/2021 16:27:56
https://devperform2-admin.sharepoint.com,https://devperform2.sharepoint.com/sites/QuoterLibraryNorthern,TeamLeaders,Yes,Comments button is successfully removed!,01/25/2021 16:27:56,01/25/2021 16:28:01
https://devperform2-admin.sharepoint.com,https://devperform2.sharepoint.com/sites/QuoterLibraryNorthern,Application,Yes,Comments button is successfully removed!,01/25/2021 16:28:01,01/25/2021 16:28:05
https://devperform2-admin.sharepoint.com,https://devperform2.sharepoint.com/sites/QuoterLibraryNorthern,New-Form,Yes,Comments button is successfully removed!,01/25/2021 16:28:05,01/25/2021 16:28:09
https://devperform2-admin.sharepoint.com,https://devperform2.sharepoint.com/sites/QuoterLibraryNorthern,Edit-Form,Yes,Comments button is successfully removed!,01/25/2021 16:28:09,01/25/2021 16:28:13
https://devperform2-admin.sharepoint.com,https://devperform2.sharepoint.com/sites/QuoterLibraryNorthern,Display-Form,Yes,Comments button is successfully removed!,01/25/2021 16:28:13,01/25/2021 16:28:17
https://devperform2-admin.sharepoint.com,https://devperform2.sharepoint.com/sites/QuoterLibraryNorthern,Edit-View,Yes,Comments button is successfully removed!,01/25/2021 16:28:17,01/25/2021 16:28:22
https://devperform2-admin.sharepoint.com,https://devperform2.sharepoint.com/sites/QuoterLibraryNorthern,Display-View,Yes,Comments button is successfully removed!,01/25/2021 16:28:22,01/25/2021 16:28:26
https://devperform2-admin.sharepoint.com,https://devperform2.sharepoint.com/sites/JournalCorrectionRequests,Home,Yes,Comments button is successfully removed!,01/25/2021 16:28:26,01/25/2021 16:28:30
https://devperform2-admin.sharepoint.com,https://devperform2.sharepoint.com/sites/JournalCorrectionRequests,FAQs,Yes,Comments button is successfully removed!,01/25/2021 16:28:30,01/25/2021 16:28:36
https://devperform2-admin.sharepoint.com,https://devperform2.sharepoint.com/sites/JournalCorrectionRequests,QuickLink,Yes,Comments button is successfully removed!,01/25/2021 16:28:36,01/25/2021 16:28:39
https://devperform2-admin.sharepoint.com,https://devperform2.sharepoint.com/sites/JournalCorrectionRequests,TeamLeaders,Yes,Comments button is successfully removed!,01/25/2021 16:28:39,01/25/2021 16:28:44
https://devperform2-admin.sharepoint.com,https://devperform2.sharepoint.com/sites/JournalCorrectionRequests,Application,Yes,Comments button is successfully removed!,01/25/2021 16:28:44,01/25/2021 16:28:48
https://devperform2-admin.sharepoint.com,https://devperform2.sharepoint.com/sites/JournalCorrectionRequests,New-Form,Yes,Comments button is successfully removed!,01/25/2021 16:28:48,01/25/2021 16:28:53
https://devperform2-admin.sharepoint.com,https://devperform2.sharepoint.com/sites/JournalCorrectionRequests,Edit-Form,Yes,Comments button is successfully removed!,01/25/2021 16:28:53,01/25/2021 16:28:57
https://devperform2-admin.sharepoint.com,https://devperform2.sharepoint.com/sites/JournalCorrectionRequests,Display-Form,Yes,Comments button is successfully removed!,01/25/2021 16:28:57,01/25/2021 16:29:02
https://devperform2-admin.sharepoint.com,https://devperform2.sharepoint.com/sites/JournalCorrectionRequests,Edit-View,Yes,Comments button is successfully removed!,01/25/2021 16:29:02,01/25/2021 16:29:06
https://devperform2-admin.sharepoint.com,https://devperform2.sharepoint.com/sites/JournalCorrectionRequests,Display-View,Yes,Comments button is successfully removed!,01/25/2021 16:29:06,01/25/2021 16:29:11
https://devperform2-admin.sharepoint.com,https://devperform2.sharepoint.com/sites/BPCToolkit,Home,Yes,Comments button is successfully removed!,01/28/2021 13:16:49,01/28/2021 13:16:54
https://devperform2-admin.sharepoint.com,https://devperform2.sharepoint.com/sites/BPCToolkit,FAQs,Yes,Comments button is successfully removed!,01/28/2021 13:16:54,01/28/2021 13:16:58
https://devperform2-admin.sharepoint.com,https://devperform2.sharepoint.com/sites/BPCToolkit,QuickLink,Yes,Comments button is successfully removed!,01/28/2021 13:16:58,01/28/2021 13:17:03
https://devperform2-admin.sharepoint.com,https://devperform2.sharepoint.com/sites/BPCToolkit,TeamLeaders,Yes,Comments button is successfully removed!,01/28/2021 13:17:03,01/28/2021 13:17:08
https://devperform2-admin.sharepoint.com,https://devperform2.sharepoint.com/sites/BPCToolkit,Application,Yes,Comments button is successfully removed!,01/28/2021 13:17:08,01/28/2021 13:17:14
https://devperform2-admin.sharepoint.com,https://devperform2.sharepoint.com/sites/BPCToolkit,New-Form,Yes,Comments button is successfully removed!,01/28/2021 13:17:14,01/28/2021 13:17:18
https://devperform2-admin.sharepoint.com,https://devperform2.sharepoint.com/sites/BPCToolkit,Edit-Form,Yes,Comments button is successfully removed!,01/28/2021 13:17:18,01/28/2021 13:17:24
https://devperform2-admin.sharepoint.com,https://devperform2.sharepoint.com/sites/BPCToolkit,Display-Form,Yes,Comments button is successfully removed!,01/28/2021 13:17:24,01/28/2021 13:17:28
https://devperform2-admin.sharepoint.com,https://devperform2.sharepoint.com/sites/BPCToolkit,Edit-View,Yes,Comments button is successfully removed!,01/28/2021 13:17:28,01/28/2021 13:17:34
https://devperform2-admin.sharepoint.com,https://devperform2.sharepoint.com/sites/BPCToolkit,Display-View,Yes,Comments button is successfully removed!,01/28/2021 13:17:34,01/28/2021 13:17:39
https://devperform2-admin.sharepoint.com,https://devperform2.sharepoint.com/sites/ZebraAuthorizationToolkit,Home,Yes,Comments button is successfully removed!,01/28/2021 13:17:39,01/28/2021 13:17:44
https://devperform2-admin.sharepoint.com,https://devperform2.sharepoint.com/sites/ZebraAuthorizationToolkit,FAQs,Yes,Comments button is successfully removed!,01/28/2021 13:17:44,01/28/2021 13:17:48
https://devperform2-admin.sharepoint.com,https://devperform2.sharepoint.com/sites/ZebraAuthorizationToolkit,QuickLink,Yes,Comments button is successfully removed!,01/28/2021 13:17:48,01/28/2021 13:17:54
https://devperform2-admin.sharepoint.com,https://devperform2.sharepoint.com/sites/ZebraAuthorizationToolkit,TeamLeaders,Yes,Comments button is successfully removed!,01/28/2021 13:17:54,01/28/2021 13:17:59
https://devperform2-admin.sharepoint.com,https://devperform2.sharepoint.com/sites/ZebraAuthorizationToolkit,Application,Yes,Comments button is successfully removed!,01/28/2021 13:17:59,01/28/2021 13:18:05
https://devperform2-admin.sharepoint.com,https://devperform2.sharepoint.com/sites/ZebraAuthorizationToolkit,New-Form,Yes,Comments button is successfully removed!,01/28/2021 13:18:05,01/28/2021 13:18:10
https://devperform2-admin.sharepoint.com,https://devperform2.sharepoint.com/sites/ZebraAuthorizationToolkit,Edit-Form,Yes,Comments button is successfully removed!,01/28/2021 13:18:10,01/28/2021 13:18:15
https://devperform2-admin.sharepoint.com,https://devperform2.sharepoint.com/sites/ZebraAuthorizationToolkit,Display-Form,Yes,Comments button is successfully removed!,01/28/2021 13:18:15,01/28/2021 13:18:20
https://devperform2-admin.sharepoint.com,https://devperform2.sharepoint.com/sites/ZebraAuthorizationToolkit,Edit-View,Yes,Comments button is successfully removed!,01/28/2021 13:18:20,01/28/2021 13:18:25
https://devperform2-admin.sharepoint.com,https://devperform2.sharepoint.com/sites/ZebraAuthorizationToolkit,Display-View,Yes,Comments button is successfully removed!,01/28/2021 13:18:25,01/28/2021 13:18:29
https://devperform2-admin.sharepoint.com,https://devperform2.sharepoint.com/sites/CounterProductsTraining,Home,Yes,Comments button is successfully removed!,02/01/2021 14:47:57,02/01/2021 14:48:02
https://devperform2-admin.sharepoint.com,https://devperform2.sharepoint.com/sites/CounterProductsTraining,FAQs,Yes,Comments button is successfully removed!,02/01/2021 14:48:02,02/01/2021 14:48:06
https://devperform2-admin.sharepoint.com,https://devperform2.sharepoint.com/sites/CounterProductsTraining,QuickLink,Yes,Comments button is successfully removed!,02/01/2021 14:48:06,02/01/2021 14:48:11
https://devperform2-admin.sharepoint.com,https://devperform2.sharepoint.com/sites/CounterProductsTraining,TeamLeaders,Yes,Comments button is successfully removed!,02/01/2021 14:48:11,02/01/2021 14:48:16
https://devperform2-admin.sharepoint.com,https://devperform2.sharepoint.com/sites/CounterProductsTraining,Application,Yes,Comments button is successfully removed!,02/01/2021 14:48:16,02/01/2021 14:48:21
https://devperform2-admin.sharepoint.com,https://devperform2.sharepoint.com/sites/CounterProductsTraining,New-Form,Yes,Comments button is successfully removed!,02/01/2021 14:48:21,02/01/2021 14:48:26
https://devperform2-admin.sharepoint.com,https://devperform2.sharepoint.com/sites/CounterProductsTraining,Edit-Form,Yes,Comments button is successfully removed!,02/01/2021 14:48:26,02/01/2021 14:48:31
https://devperform2-admin.sharepoint.com,https://devperform2.sharepoint.com/sites/CounterProductsTraining,Display-Form,Yes,Comments button is successfully removed!,02/01/2021 14:48:31,02/01/2021 14:48:36
https://devperform2-admin.sharepoint.com,https://devperform2.sharepoint.com/sites/CounterProductsTraining,Edit-View,Yes,Comments button is successfully removed!,02/01/2021 14:48:36,02/01/2021 14:48:42
https://devperform2-admin.sharepoint.com,https://devperform2.sharepoint.com/sites/CounterProductsTraining,Display-View,Yes,Comments button is successfully removed!,02/01/2021 14:48:42,02/01/2021 14:48:50
https://devperform2-admin.sharepoint.com,https://devperform2.sharepoint.com/sites/NewNCCReferenceDictionary,Home,Yes,Comments button is successfully removed!,02/02/2021 17:11:11,02/02/2021 17:11:17
https://devperform2-admin.sharepoint.com,https://devperform2.sharepoint.com/sites/NewNCCReferenceDictionary,FAQs,Yes,Comments button is successfully removed!,02/02/2021 17:11:17,02/02/2021 17:11:24
https://devperform2-admin.sharepoint.com,https://devperform2.sharepoint.com/sites/NewNCCReferenceDictionary,QuickLink,Yes,Comments button is successfully removed!,02/02/2021 17:11:24,02/02/2021 17:11:29
https://devperform2-admin.sharepoint.com,https://devperform2.sharepoint.com/sites/NewNCCReferenceDictionary,TeamLeaders,Yes,Comments button is successfully removed!,02/02/2021 17:11:29,02/02/2021 17:11:34
https://devperform2-admin.sharepoint.com,https://devperform2.sharepoint.com/sites/NewNCCReferenceDictionary,Application,Yes,Comments button is successfully removed!,02/02/2021 17:11:34,02/02/2021 17:11:39
https://devperform2-admin.sharepoint.com,https://devperform2.sharepoint.com/sites/NewNCCReferenceDictionary,New-Form,Yes,Comments button is successfully removed!,02/02/2021 17:11:39,02/02/2021 17:11:46
https://devperform2-admin.sharepoint.com,https://devperform2.sharepoint.com/sites/NewNCCReferenceDictionary,Edit-Form,Yes,Comments button is successfully removed!,02/02/2021 17:11:46,02/02/2021 17:11:54
https://devperform2-admin.sharepoint.com,https://devperform2.sharepoint.com/sites/NewNCCReferenceDictionary,Display-Form,Yes,Comments button is successfully removed!,02/02/2021 17:11:54,02/02/2021 17:11:59
https://devperform2-admin.sharepoint.com,https://devperform2.sharepoint.com/sites/NewNCCReferenceDictionary,Edit-View,Yes,Comments button is successfully removed!,02/02/2021 17:11:59,02/02/2021 17:12:05
https://devperform2-admin.sharepoint.com,https://devperform2.sharepoint.com/sites/NewNCCReferenceDictionary,Display-View,Yes,Comments button is successfully removed!,02/02/2021 17:12:05,02/02/2021 17:12:11
https://devperform2-admin.sharepoint.com,https://devperform2.sharepoint.com/sites/CorporateUnderwritingApprovalsArchive2017,Home,Yes,Comments button is successfully removed!,02/02/2021 17:12:11,02/02/2021 17:12:18
https://devperform2-admin.sharepoint.com,https://devperform2.sharepoint.com/sites/CorporateUnderwritingApprovalsArchive2017,FAQs,Yes,Comments button is successfully removed!,02/02/2021 17:12:18,02/02/2021 17:12:23
https://devperform2-admin.sharepoint.com,https://devperform2.sharepoint.com/sites/CorporateUnderwritingApprovalsArchive2017,QuickLink,Yes,Comments button is successfully removed!,02/02/2021 17:12:24,02/02/2021 17:12:29
https://devperform2-admin.sharepoint.com,https://devperform2.sharepoint.com/sites/CorporateUnderwritingApprovalsArchive2017,TeamLeaders,Yes,Comments button is successfully removed!,02/02/2021 17:12:29,02/02/2021 17:12:36
https://devperform2-admin.sharepoint.com,https://devperform2.sharepoint.com/sites/CorporateUnderwritingApprovalsArchive2017,Application,Yes,Comments button is successfully removed!,02/02/2021 17:12:36,02/02/2021 17:12:42
https://devperform2-admin.sharepoint.com,https://devperform2.sharepoint.com/sites/CorporateUnderwritingApprovalsArchive2017,New-Form,Yes,Comments button is successfully removed!,02/02/2021 17:12:42,02/02/2021 17:12:47
https://devperform2-admin.sharepoint.com,https://devperform2.sharepoint.com/sites/CorporateUnderwritingApprovalsArchive2017,Edit-Form,Yes,Comments button is successfully removed!,02/02/2021 17:12:47,02/02/2021 17:12:54
https://devperform2-admin.sharepoint.com,https://devperform2.sharepoint.com/sites/CorporateUnderwritingApprovalsArchive2017,Display-Form,Yes,Comments button is successfully removed!,02/02/2021 17:12:54,02/02/2021 17:13:00
https://devperform2-admin.sharepoint.com,https://devperform2.sharepoint.com/sites/CorporateUnderwritingApprovalsArchive2017,Edit-View,Yes,Comments button is successfully removed!,02/02/2021 17:13:00,02/02/2021 17:13:04
https://devperform2-admin.sharepoint.com,https://devperform2.sharepoint.com/sites/CorporateUnderwritingApprovalsArchive2017,Display-View,Yes,Comments button is successfully removed!,02/02/2021 17:13:04,02/02/2021 17:13:10
https://devperform2-admin.sharepoint.com,https://devperform2.sharepoint.com/sites/ZurichI&IPeople,Home,Yes,Comments button is successfully removed!,02/03/2021 17:52:42,02/03/2021 17:52:54
https://devperform2-admin.sharepoint.com,https://devperform2.sharepoint.com/sites/ZurichI&IPeople,FAQs,Yes,Comments button is successfully removed!,02/03/2021 17:52:54,02/03/2021 17:52:58
https://devperform2-admin.sharepoint.com,https://devperform2.sharepoint.com/sites/ZurichI&IPeople,Home,Yes,Comments button is successfully removed!,02/03/2021 17:57:38,02/03/2021 17:57:45
https://devperform2-admin.sharepoint.com,https://devperform2.sharepoint.com/sites/ZurichI&IPeople,FAQs,Yes,Comments button is successfully removed!,02/03/2021 17:57:45,02/03/2021 17:57:49
https://devperform2-admin.sharepoint.com,https://devperform2.sharepoint.com/sites/ZurichI&IPeople,TeamLeaders,Yes,Comments button is successfully removed!,02/03/2021 17:57:49,02/03/2021 17:57:54
https://devperform2-admin.sharepoint.com,https://devperform2.sharepoint.com/sites/ZurichI&IPeople,Application,Yes,Comments button is successfully removed!,02/03/2021 17:57:54,02/03/2021 17:57:59
https://devperform2-admin.sharepoint.com,https://devperform2.sharepoint.com/sites/ZurichI&IPeople,New-Form,Yes,Comments button is successfully removed!,02/03/2021 17:57:59,02/03/2021 17:58:04
https://devperform2-admin.sharepoint.com,https://devperform2.sharepoint.com/sites/ZurichI&IPeople,Edit-Form,Yes,Comments button is successfully removed!,02/03/2021 17:58:04,02/03/2021 17:58:09
https://devperform2-admin.sharepoint.com,https://devperform2.sharepoint.com/sites/ZurichI&IPeople,Display-Form,Yes,Comments button is successfully removed!,02/03/2021 17:58:09,02/03/2021 17:58:15
https://devperform2-admin.sharepoint.com,https://devperform2.sharepoint.com/sites/ZurichI&IPeople,Edit-View,Yes,Comments button is successfully removed!,02/03/2021 17:58:15,02/03/2021 17:58:19
https://devperform2-admin.sharepoint.com,https://devperform2.sharepoint.com/sites/ZurichI&IPeople,Display-View,Yes,Comments button is successfully removed!,02/03/2021 17:58:19,02/03/2021 17:58:25
https://devperform2-admin.sharepoint.com,https://devperform2.sharepoint.com/sites/eCommerceSirLog,Home,Yes,Comments button is successfully removed!,02/04/2021 19:20:13,02/04/2021 19:20:19
https://devperform2-admin.sharepoint.com,https://devperform2.sharepoint.com/sites/eCommerceSirLog,FAQs,Yes,Comments button is successfully removed!,02/04/2021 19:20:19,02/04/2021 19:20:24
https://devperform2-admin.sharepoint.com,https://devperform2.sharepoint.com/sites/eCommerceSirLog,TeamLeaders,Yes,Comments button is successfully removed!,02/04/2021 19:20:24,02/04/2021 19:20:27
https://devperform2-admin.sharepoint.com,https://devperform2.sharepoint.com/sites/eCommerceSirLog,Application,Yes,Comments button is successfully removed!,02/04/2021 19:20:27,02/04/2021 19:20:31
https://devperform2-admin.sharepoint.com,https://devperform2.sharepoint.com/sites/eCommerceSirLog,New-Form,Yes,Comments button is successfully removed!,02/04/2021 19:20:31,02/04/2021 19:20:36
https://devperform2-admin.sharepoint.com,https://devperform2.sharepoint.com/sites/eCommerceSirLog,Edit-Form,Yes,Comments button is successfully removed!,02/04/2021 19:20:36,02/04/2021 19:20:41
https://devperform2-admin.sharepoint.com,https://devperform2.sharepoint.com/sites/eCommerceSirLog,Display-Form,Yes,Comments button is successfully removed!,02/04/2021 19:20:41,02/04/2021 19:20:45
https://devperform2-admin.sharepoint.com,https://devperform2.sharepoint.com/sites/eCommerceSirLog,Edit-View,Yes,Comments button is successfully removed!,02/04/2021 19:20:45,02/04/2021 19:20:50
https://devperform2-admin.sharepoint.com,https://devperform2.sharepoint.com/sites/eCommerceSirLog,Display-View,Yes,Comments button is successfully removed!,02/04/2021 19:20:50,02/04/2021 19:20:55
https://devperform2-admin.sharepoint.com,https://devperform2.sharepoint.com/sites/IntranetProjects,Home,Yes,Comments button is successfully removed!,02/05/2021 18:04:17,02/05/2021 18:04:24
https://devperform2-admin.sharepoint.com,https://devperform2.sharepoint.com/sites/IntranetProjects,FAQs,Yes,Comments button is successfully removed!,02/05/2021 18:04:24,02/05/2021 18:04:28
https://devperform2-admin.sharepoint.com,https://devperform2.sharepoint.com/sites/IntranetProjects,TeamLeaders,Yes,Comments button is successfully removed!,02/05/2021 18:04:28,02/05/2021 18:04:32
https://devperform2-admin.sharepoint.com,https://devperform2.sharepoint.com/sites/IntranetProjects,Application,Yes,Comments button is successfully removed!,02/05/2021 18:04:32,02/05/2021 18:04:35
https://devperform2-admin.sharepoint.com,https://devperform2.sharepoint.com/sites/IntranetProjects,New-Form,Yes,Comments button is successfully removed!,02/05/2021 18:04:35,02/05/2021 18:04:40
https://devperform2-admin.sharepoint.com,https://devperform2.sharepoint.com/sites/IntranetProjects,Edit-Form,Yes,Comments button is successfully removed!,02/05/2021 18:04:40,02/05/2021 18:04:45
https://devperform2-admin.sharepoint.com,https://devperform2.sharepoint.com/sites/IntranetProjects,Display-Form,Yes,Comments button is successfully removed!,02/05/2021 18:04:45,02/05/2021 18:04:49
https://devperform2-admin.sharepoint.com,https://devperform2.sharepoint.com/sites/IntranetProjects,Edit-View,Yes,Comments button is successfully removed!,02/05/2021 18:04:49,02/05/2021 18:04:54
https://devperform2-admin.sharepoint.com,https://devperform2.sharepoint.com/sites/IntranetProjects,Display-View,Yes,Comments button is successfully removed!,02/05/2021 18:04:54,02/05/2021 18:04:57
https://devperform2-admin.sharepoint.com,https://devperform2.sharepoint.com/sites/IntranetProjects,Home,Yes,Comments button is successfully removed!,02/05/2021 18:06:25,02/05/2021 18:06:30
https://devperform2-admin.sharepoint.com,https://devperform2.sharepoint.com/sites/IntranetProjects,FAQs,Yes,Comments button is successfully removed!,02/05/2021 18:06:30,02/05/2021 18:06:33
https://devperform2-admin.sharepoint.com,https://devperform2.sharepoint.com/sites/IntranetProjects,TeamLeaders,Yes,Comments button is successfully removed!,02/05/2021 18:06:33,02/05/2021 18:06:38
https://devperform2-admin.sharepoint.com,https://devperform2.sharepoint.com/sites/IntranetProjects,Application,Yes,Comments button is successfully removed!,02/05/2021 18:06:38,02/05/2021 18:06:42
https://devperform2-admin.sharepoint.com,https://devperform2.sharepoint.com/sites/IntranetProjects,New-Form,Yes,Comments button is successfully removed!,02/05/2021 18:06:42,02/05/2021 18:06:47
https://devperform2-admin.sharepoint.com,https://devperform2.sharepoint.com/sites/IntranetProjects,Edit-Form,Yes,Comments button is successfully removed!,02/05/2021 18:06:47,02/05/2021 18:06:51
https://devperform2-admin.sharepoint.com,https://devperform2.sharepoint.com/sites/IntranetProjects,Display-Form,Yes,Comments button is successfully removed!,02/05/2021 18:06:51,02/05/2021 18:06:55
https://devperform2-admin.sharepoint.com,https://devperform2.sharepoint.com/sites/IntranetProjects,Edit-View,Yes,Comments button is successfully removed!,02/05/2021 18:06:55,02/05/2021 18:06:59
https://devperform2-admin.sharepoint.com,https://devperform2.sharepoint.com/sites/IntranetProjects,Display-View,Yes,Comments button is successfully removed!,02/05/2021 18:06:59,02/05/2021 18:07:03
https://devperform2-admin.sharepoint.com,https://devperform2.sharepoint.com/sites/ChannelZHomePage,Home,Yes,Comments button is successfully removed!,02/09/2021 16:33:40,02/09/2021 16:33:48
https://devperform2-admin.sharepoint.com,https://devperform2.sharepoint.com/sites/ChannelZHomePage,FAQs,Yes,Comments button is successfully removed!,02/09/2021 16:33:48,02/09/2021 16:33:54
https://devperform2-admin.sharepoint.com,https://devperform2.sharepoint.com/sites/ChannelZHomePage,TeamLeaders,Yes,Comments button is successfully removed!,02/09/2021 16:33:54,02/09/2021 16:33:59
https://devperform2-admin.sharepoint.com,https://devperform2.sharepoint.com/sites/ChannelZHomePage,Application,Yes,Comments button is successfully removed!,02/09/2021 16:33:59,02/09/2021 16:34:04
https://devperform2-admin.sharepoint.com,https://devperform2.sharepoint.com/sites/ChannelZHomePage,New-Form,Yes,Comments button is successfully removed!,02/09/2021 16:34:04,02/09/2021 16:34:11
https://devperform2-admin.sharepoint.com,https://devperform2.sharepoint.com/sites/ChannelZHomePage,Edit-Form,Yes,Comments button is successfully removed!,02/09/2021 16:34:11,02/09/2021 16:34:15
https://devperform2-admin.sharepoint.com,https://devperform2.sharepoint.com/sites/ChannelZHomePage,Display-Form,Yes,Comments button is successfully removed!,02/09/2021 16:34:15,02/09/2021 16:34:20
https://devperform2-admin.sharepoint.com,https://devperform2.sharepoint.com/sites/ChannelZHomePage,Edit-View,Yes,Comments button is successfully removed!,02/09/2021 16:34:20,02/09/2021 16:34:25
https://devperform2-admin.sharepoint.com,https://devperform2.sharepoint.com/sites/ChannelZHomePage,Display-View,Yes,Comments button is successfully removed!,02/09/2021 16:34:25,02/09/2021 16:34:31
https://devperform2-admin.sharepoint.com,https://devperform2.sharepoint.com/sites/IntranetProjects,Home,Yes,Comments button is successfully removed!,02/09/2021 16:34:31,02/09/2021 16:34:36
https://devperform2-admin.sharepoint.com,https://devperform2.sharepoint.com/sites/IntranetProjects,FAQs,Yes,Comments button is successfully removed!,02/09/2021 16:34:36,02/09/2021 16:34:42
https://devperform2-admin.sharepoint.com,https://devperform2.sharepoint.com/sites/IntranetProjects,TeamLeaders,Yes,Comments button is successfully removed!,02/09/2021 16:34:42,02/09/2021 16:34:48
https://devperform2-admin.sharepoint.com,https://devperform2.sharepoint.com/sites/IntranetProjects,Application,Yes,Comments button is successfully removed!,02/09/2021 16:34:48,02/09/2021 16:34:53
https://devperform2-admin.sharepoint.com,https://devperform2.sharepoint.com/sites/IntranetProjects,New-Form,Yes,Comments button is successfully removed!,02/09/2021 16:34:53,02/09/2021 16:34:57
https://devperform2-admin.sharepoint.com,https://devperform2.sharepoint.com/sites/IntranetProjects,Edit-Form,Yes,Comments button is successfully removed!,02/09/2021 16:34:57,02/09/2021 16:35:04
https://devperform2-admin.sharepoint.com,https://devperform2.sharepoint.com/sites/IntranetProjects,Display-Form,Yes,Comments button is successfully removed!,02/09/2021 16:35:04,02/09/2021 16:35:09
https://devperform2-admin.sharepoint.com,https://devperform2.sharepoint.com/sites/IntranetProjects,Edit-View,Yes,Comments button is successfully removed!,02/09/2021 16:35:09,02/09/2021 16:35:14
https://devperform2-admin.sharepoint.com,https://devperform2.sharepoint.com/sites/IntranetProjects,Display-View,Yes,Comments button is successfully removed!,02/09/2021 16:35:14,02/09/2021 16:35:19
https://devperform2-admin.sharepoint.com,https://devperform2.sharepoint.com/sites/ReceivedUnitGlobalCorporate,Home,Yes,Comments button is successfully removed!,02/10/2021 16:03:42,02/10/2021 16:03:49
https://devperform2-admin.sharepoint.com,https://devperform2.sharepoint.com/sites/ReceivedUnitGlobalCorporate,FAQs,Yes,Comments button is successfully removed!,02/10/2021 16:03:49,02/10/2021 16:03:55
https://devperform2-admin.sharepoint.com,https://devperform2.sharepoint.com/sites/ReceivedUnitGlobalCorporate,TeamLeaders,Yes,Comments button is successfully removed!,02/10/2021 16:03:55,02/10/2021 16:04:01
https://devperform2-admin.sharepoint.com,https://devperform2.sharepoint.com/sites/ReceivedUnitGlobalCorporate,Application,Yes,Comments button is successfully removed!,02/10/2021 16:04:01,02/10/2021 16:04:07
https://devperform2-admin.sharepoint.com,https://devperform2.sharepoint.com/sites/ReceivedUnitGlobalCorporate,New-Form,Yes,Comments button is successfully removed!,02/10/2021 16:04:07,02/10/2021 16:04:13
https://devperform2-admin.sharepoint.com,https://devperform2.sharepoint.com/sites/ReceivedUnitGlobalCorporate,Edit-Form,Yes,Comments button is successfully removed!,02/10/2021 16:04:13,02/10/2021 16:04:20
https://devperform2-admin.sharepoint.com,https://devperform2.sharepoint.com/sites/ReceivedUnitGlobalCorporate,Display-Form,Yes,Comments button is successfully removed!,02/10/2021 16:04:20,02/10/2021 16:04:26
https://devperform2-admin.sharepoint.com,https://devperform2.sharepoint.com/sites/ReceivedUnitGlobalCorporate,Edit-View,Yes,Comments button is successfully removed!,02/10/2021 16:04:26,02/10/2021 16:04:31
https://devperform2-admin.sharepoint.com,https://devperform2.sharepoint.com/sites/ReceivedUnitGlobalCorporate,Display-View,Yes,Comments button is successfully removed!,02/10/2021 16:04:31,02/10/2021 16:04:37
https://devperform2-admin.sharepoint.com,https://devperform2.sharepoint.com/sites/LossFundDatabase,Home,Yes,Comments button is successfully removed!,02/10/2021 16:04:37,02/10/2021 16:04:42
https://devperform2-admin.sharepoint.com,https://devperform2.sharepoint.com/sites/LossFundDatabase,FAQs,Yes,Comments button is successfully removed!,02/10/2021 16:04:42,02/10/2021 16:04:47
https://devperform2-admin.sharepoint.com,https://devperform2.sharepoint.com/sites/LossFundDatabase,TeamLeaders,Yes,Comments button is successfully removed!,02/10/2021 16:04:47,02/10/2021 16:04:53
https://devperform2-admin.sharepoint.com,https://devperform2.sharepoint.com/sites/LossFundDatabase,Application,Yes,Comments button is successfully removed!,02/10/2021 16:04:53,02/10/2021 16:04:59
https://devperform2-admin.sharepoint.com,https://devperform2.sharepoint.com/sites/LossFundDatabase,New-Form,Yes,Comments button is successfully removed!,02/10/2021 16:04:59,02/10/2021 16:05:07
https://devperform2-admin.sharepoint.com,https://devperform2.sharepoint.com/sites/LossFundDatabase,Edit-Form,Yes,Comments button is successfully removed!,02/10/2021 16:05:07,02/10/2021 16:05:13
https://devperform2-admin.sharepoint.com,https://devperform2.sharepoint.com/sites/LossFundDatabase,Display-Form,Yes,Comments button is successfully removed!,02/10/2021 16:05:13,02/10/2021 16:05:19
https://devperform2-admin.sharepoint.com,https://devperform2.sharepoint.com/sites/LossFundDatabase,Edit-View,Yes,Comments button is successfully removed!,02/10/2021 16:05:19,02/10/2021 16:05:25
https://devperform2-admin.sharepoint.com,https://devperform2.sharepoint.com/sites/LossFundDatabase,Display-View,Yes,Comments button is successfully removed!,02/10/2021 16:05:25,02/10/2021 16:05:30
https://devperform2-admin.sharepoint.com,https://devperform2.sharepoint.com/sites/EFLBackUP,Home,Yes,Comments button is successfully removed!,02/11/2021 16:04:07,02/11/2021 16:04:11
https://devperform2-admin.sharepoint.com,https://devperform2.sharepoint.com/sites/EFLBackUP,FAQs,Yes,Comments button is successfully removed!,02/11/2021 16:04:11,02/11/2021 16:04:17
https://devperform2-admin.sharepoint.com,https://devperform2.sharepoint.com/sites/EFLBackUP,TeamLeaders,Yes,Comments button is successfully removed!,02/11/2021 16:04:17,02/11/2021 16:04:23
https://devperform2-admin.sharepoint.com,https://devperform2.sharepoint.com/sites/EFLBackUP,Application,Yes,Comments button is successfully removed!,02/11/2021 16:04:23,02/11/2021 16:04:28
https://devperform2-admin.sharepoint.com,https://devperform2.sharepoint.com/sites/EFLBackUP,New-Form,Yes,Comments button is successfully removed!,02/11/2021 16:04:28,02/11/2021 16:04:33
https://devperform2-admin.sharepoint.com,https://devperform2.sharepoint.com/sites/EFLBackUP,Edit-Form,Yes,Comments button is successfully removed!,02/11/2021 16:04:33,02/11/2021 16:04:38
https://devperform2-admin.sharepoint.com,https://devperform2.sharepoint.com/sites/EFLBackUP,Display-Form,Yes,Comments button is successfully removed!,02/11/2021 16:04:38,02/11/2021 16:04:42
https://devperform2-admin.sharepoint.com,https://devperform2.sharepoint.com/sites/EFLBackUP,Edit-View,Yes,Comments button is successfully removed!,02/11/2021 16:04:42,02/11/2021 16:04:47
https://devperform2-admin.sharepoint.com,https://devperform2.sharepoint.com/sites/EFLBackUP,Display-View,Yes,Comments button is successfully removed!,02/11/2021 16:04:47,02/11/2021 16:04:52
https://devperform2-admin.sharepoint.com,https://devperform2.sharepoint.com/sites/ApplicationChangeRequest,Home,Yes,Comments button is successfully removed!,02/12/2021 14:26:21,02/12/2021 14:26:27
https://devperform2-admin.sharepoint.com,https://devperform2.sharepoint.com/sites/ApplicationChangeRequest,FAQs,Yes,Comments button is successfully removed!,02/12/2021 14:26:27,02/12/2021 14:26:32
https://devperform2-admin.sharepoint.com,https://devperform2.sharepoint.com/sites/ApplicationChangeRequest,TeamLeaders,Yes,Comments button is successfully removed!,02/12/2021 14:26:32,02/12/2021 14:26:37
https://devperform2-admin.sharepoint.com,https://devperform2.sharepoint.com/sites/ApplicationChangeRequest,Application,Yes,Comments button is successfully removed!,02/12/2021 14:26:37,02/12/2021 14:26:43
https://devperform2-admin.sharepoint.com,https://devperform2.sharepoint.com/sites/ApplicationChangeRequest,New-Form,Yes,Comments button is successfully removed!,02/12/2021 14:26:43,02/12/2021 14:26:48
https://devperform2-admin.sharepoint.com,https://devperform2.sharepoint.com/sites/ApplicationChangeRequest,Edit-Form,Yes,Comments button is successfully removed!,02/12/2021 14:26:48,02/12/2021 14:26:53
https://devperform2-admin.sharepoint.com,https://devperform2.sharepoint.com/sites/ApplicationChangeRequest,Display-Form,Yes,Comments button is successfully removed!,02/12/2021 14:26:53,02/12/2021 14:26:58
https://devperform2-admin.sharepoint.com,https://devperform2.sharepoint.com/sites/ApplicationChangeRequest,Edit-View,Yes,Comments button is successfully removed!,02/12/2021 14:26:58,02/12/2021 14:27:03
https://devperform2-admin.sharepoint.com,https://devperform2.sharepoint.com/sites/ApplicationChangeRequest,Display-View,Yes,Comments button is successfully removed!,02/12/2021 14:27:03,02/12/2021 14:27:08
https://devperform2-admin.sharepoint.com,https://devperform2.sharepoint.com/sites/CollRecMgmtCorrespondence,Home,Yes,Comments button is successfully removed!,02/15/2021 17:29:40,02/15/2021 17:29:45
https://devperform2-admin.sharepoint.com,https://devperform2.sharepoint.com/sites/CollRecMgmtCorrespondence,FAQs,Yes,Comments button is successfully removed!,02/15/2021 17:29:45,02/15/2021 17:29:50
https://devperform2-admin.sharepoint.com,https://devperform2.sharepoint.com/sites/CollRecMgmtCorrespondence,TeamLeaders,Yes,Comments button is successfully removed!,02/15/2021 17:29:50,02/15/2021 17:29:56
https://devperform2-admin.sharepoint.com,https://devperform2.sharepoint.com/sites/CollRecMgmtCorrespondence,Application,Yes,Comments button is successfully removed!,02/15/2021 17:29:56,02/15/2021 17:30:02
https://devperform2-admin.sharepoint.com,https://devperform2.sharepoint.com/sites/CollRecMgmtCorrespondence,New-Form,Yes,Comments button is successfully removed!,02/15/2021 17:30:02,02/15/2021 17:30:07
https://devperform2-admin.sharepoint.com,https://devperform2.sharepoint.com/sites/CollRecMgmtCorrespondence,Edit-Form,Yes,Comments button is successfully removed!,02/15/2021 17:30:07,02/15/2021 17:30:13
https://devperform2-admin.sharepoint.com,https://devperform2.sharepoint.com/sites/CollRecMgmtCorrespondence,Display-Form,Yes,Comments button is successfully removed!,02/15/2021 17:30:13,02/15/2021 17:30:19
https://devperform2-admin.sharepoint.com,https://devperform2.sharepoint.com/sites/CollRecMgmtCorrespondence,Edit-View,Yes,Comments button is successfully removed!,02/15/2021 17:30:19,02/15/2021 17:30:24
https://devperform2-admin.sharepoint.com,https://devperform2.sharepoint.com/sites/CollRecMgmtCorrespondence,Display-View,Yes,Comments button is successfully removed!,02/15/2021 17:30:24,02/15/2021 17:30:30
https://devperform2-admin.sharepoint.com,https://devperform2.sharepoint.com/sites/ContactManagementDB,Home,Yes,Comments button is successfully removed!,02/16/2021 16:41:04,02/16/2021 16:41:09
https://devperform2-admin.sharepoint.com,https://devperform2.sharepoint.com/sites/ContactManagementDB,FAQs,Yes,Comments button is successfully removed!,02/16/2021 16:41:09,02/16/2021 16:41:15
https://devperform2-admin.sharepoint.com,https://devperform2.sharepoint.com/sites/ContactManagementDB,TeamLeaders,Yes,Comments button is successfully removed!,02/16/2021 16:41:15,02/16/2021 16:41:20
https://devperform2-admin.sharepoint.com,https://devperform2.sharepoint.com/sites/ContactManagementDB,Application,Yes,Comments button is successfully removed!,02/16/2021 16:41:20,02/16/2021 16:41:25
https://devperform2-admin.sharepoint.com,https://devperform2.sharepoint.com/sites/ContactManagementDB,New-Form,Yes,Comments button is successfully removed!,02/16/2021 16:41:25,02/16/2021 16:41:30
https://devperform2-admin.sharepoint.com,https://devperform2.sharepoint.com/sites/ContactManagementDB,Edit-Form,Yes,Comments button is successfully removed!,02/16/2021 16:41:30,02/16/2021 16:41:36
https://devperform2-admin.sharepoint.com,https://devperform2.sharepoint.com/sites/ContactManagementDB,Display-Form,Yes,Comments button is successfully removed!,02/16/2021 16:41:36,02/16/2021 16:41:42
https://devperform2-admin.sharepoint.com,https://devperform2.sharepoint.com/sites/ContactManagementDB,Edit-View,Yes,Comments button is successfully removed!,02/16/2021 16:41:42,02/16/2021 16:41:47
https://devperform2-admin.sharepoint.com,https://devperform2.sharepoint.com/sites/ContactManagementDB,Display-View,Yes,Comments button is successfully removed!,02/16/2021 16:41:47,02/16/2021 16:41:52
https://devperform2-admin.sharepoint.com,https://devperform2.sharepoint.com/sites/ContactManagementDB,Home,Yes,Comments button is successfully removed!,02/17/2021 14:44:42,02/17/2021 14:44:49
https://devperform2-admin.sharepoint.com,https://devperform2.sharepoint.com/sites/ContactManagementDB,FAQs,Yes,Comments button is successfully removed!,02/17/2021 14:44:49,02/17/2021 14:44:56
https://devperform2-admin.sharepoint.com,https://devperform2.sharepoint.com/sites/ContactManagementDB,TeamLeaders,Yes,Comments button is successfully removed!,02/17/2021 14:44:56,02/17/2021 14:45:03
https://devperform2-admin.sharepoint.com,https://devperform2.sharepoint.com/sites/ContactManagementDB,Application,Yes,Comments button is successfully removed!,02/17/2021 14:45:03,02/17/2021 14:45:09
https://devperform2-admin.sharepoint.com,https://devperform2.sharepoint.com/sites/ContactManagementDB,New-Form,Yes,Comments button is successfully removed!,02/17/2021 14:45:09,02/17/2021 14:45:15
https://devperform2-admin.sharepoint.com,https://devperform2.sharepoint.com/sites/ContactManagementDB,Edit-Form,Yes,Comments button is successfully removed!,02/17/2021 14:45:15,02/17/2021 14:45:21
https://devperform2-admin.sharepoint.com,https://devperform2.sharepoint.com/sites/ContactManagementDB,Display-Form,Yes,Comments button is successfully removed!,02/17/2021 14:45:21,02/17/2021 14:45:26
https://devperform2-admin.sharepoint.com,https://devperform2.sharepoint.com/sites/ContactManagementDB,Edit-View,Yes,Comments button is successfully removed!,02/17/2021 14:45:26,02/17/2021 14:45:31
https://devperform2-admin.sharepoint.com,https://devperform2.sharepoint.com/sites/ContactManagementDB,Display-View,Yes,Comments button is successfully removed!,02/17/2021 14:45:31,02/17/2021 14:45:37
https://devperform2-admin.sharepoint.com,https://devperform2.sharepoint.com/sites/ContactManagementDB,Home,Yes,Comments button is successfully removed!,02/17/2021 17:17:38,02/17/2021 17:17:49
https://devperform2-admin.sharepoint.com,https://devperform2.sharepoint.com/sites/ContactManagementDB,FAQs,Yes,Comments button is successfully removed!,02/17/2021 17:17:49,02/17/2021 17:17:54
https://devperform2-admin.sharepoint.com,https://devperform2.sharepoint.com/sites/ContactManagementDB,TeamLeaders,Yes,Comments button is successfully removed!,02/17/2021 17:17:54,02/17/2021 17:17:59
https://devperform2-admin.sharepoint.com,https://devperform2.sharepoint.com/sites/ContactManagementDB,Application,Yes,Comments button is successfully removed!,02/17/2021 17:17:59,02/17/2021 17:18:05
https://devperform2-admin.sharepoint.com,https://devperform2.sharepoint.com/sites/ContactManagementDB,New-Form,Yes,Comments button is successfully removed!,02/17/2021 17:18:05,02/17/2021 17:18:11
https://devperform2-admin.sharepoint.com,https://devperform2.sharepoint.com/sites/ContactManagementDB,Edit-Form,Yes,Comments button is successfully removed!,02/17/2021 17:18:11,02/17/2021 17:18:16
https://devperform2-admin.sharepoint.com,https://devperform2.sharepoint.com/sites/ContactManagementDB,Display-Form,Yes,Comments button is successfully removed!,02/17/2021 17:18:16,02/17/2021 17:18:21
https://devperform2-admin.sharepoint.com,https://devperform2.sharepoint.com/sites/ContactManagementDB,Edit-View,Yes,Comments button is successfully removed!,02/17/2021 17:18:21,02/17/2021 17:18:27
https://devperform2-admin.sharepoint.com,https://devperform2.sharepoint.com/sites/ContactManagementDB,Display-View,Yes,Comments button is successfully removed!,02/17/2021 17:18:27,02/17/2021 17:18:33
https://devperform2-admin.sharepoint.com,https://devperform2.sharepoint.com/sites/REEL,Home,Yes,Comments button is successfully removed!,02/17/2021 17:18:39,02/17/2021 17:18:44
https://devperform2-admin.sharepoint.com,https://devperform2.sharepoint.com/sites/REEL,FAQs,Yes,Comments button is successfully removed!,02/17/2021 17:18:44,02/17/2021 17:18:50
https://devperform2-admin.sharepoint.com,https://devperform2.sharepoint.com/sites/REEL,TeamLeaders,Yes,Comments button is successfully removed!,02/17/2021 17:18:50,02/17/2021 17:18:55
https://devperform2-admin.sharepoint.com,https://devperform2.sharepoint.com/sites/REEL,Application,Yes,Comments button is successfully removed!,02/17/2021 17:18:55,02/17/2021 17:19:01
https://devperform2-admin.sharepoint.com,https://devperform2.sharepoint.com/sites/REEL,New-Form,Yes,Comments button is successfully removed!,02/17/2021 17:19:01,02/17/2021 17:19:07
https://devperform2-admin.sharepoint.com,https://devperform2.sharepoint.com/sites/REEL,Edit-Form,Yes,Comments button is successfully removed!,02/17/2021 17:19:07,02/17/2021 17:19:12
https://devperform2-admin.sharepoint.com,https://devperform2.sharepoint.com/sites/REEL,Display-Form,Yes,Comments button is successfully removed!,02/17/2021 17:19:12,02/17/2021 17:19:18
https://devperform2-admin.sharepoint.com,https://devperform2.sharepoint.com/sites/REEL,Edit-View,Yes,Comments button is successfully removed!,02/17/2021 17:19:18,02/17/2021 17:19:25
https://devperform2-admin.sharepoint.com,https://devperform2.sharepoint.com/sites/REEL,Display-View,Yes,Comments button is successfully removed!,02/17/2021 17:19:25,02/17/2021 17:19:30
https://devperform2-admin.sharepoint.com,https://devperform2.sharepoint.com/sites/REEL,Home,Yes,Comments button is successfully removed!,02/17/2021 17:25:15,02/17/2021 17:25:20
https://devperform2-admin.sharepoint.com,https://devperform2.sharepoint.com/sites/REEL,FAQs,Yes,Comments button is successfully removed!,02/17/2021 17:25:20,02/17/2021 17:25:25
https://devperform2-admin.sharepoint.com,https://devperform2.sharepoint.com/sites/REEL,TeamLeaders,Yes,Comments button is successfully removed!,02/17/2021 17:25:25,02/17/2021 17:25:31
https://devperform2-admin.sharepoint.com,https://devperform2.sharepoint.com/sites/REEL,Application,Yes,Comments button is successfully removed!,02/17/2021 17:25:31,02/17/2021 17:25:36
https://devperform2-admin.sharepoint.com,https://devperform2.sharepoint.com/sites/REEL,New-Form,Yes,Comments button is successfully removed!,02/17/2021 17:25:36,02/17/2021 17:25:42
https://devperform2-admin.sharepoint.com,https://devperform2.sharepoint.com/sites/REEL,Edit-Form,Yes,Comments button is successfully removed!,02/17/2021 17:25:42,02/17/2021 17:25:48
https://devperform2-admin.sharepoint.com,https://devperform2.sharepoint.com/sites/REEL,Display-Form,Yes,Comments button is successfully removed!,02/17/2021 17:25:48,02/17/2021 17:25:53
https://devperform2-admin.sharepoint.com,https://devperform2.sharepoint.com/sites/REEL,Edit-View,Yes,Comments button is successfully removed!,02/17/2021 17:25:53,02/17/2021 17:25:59
https://devperform2-admin.sharepoint.com,https://devperform2.sharepoint.com/sites/REEL,Display-View,Yes,Comments button is successfully removed!,02/17/2021 17:25:59,02/17/2021 17:26:05
https://devperform2-admin.sharepoint.com,https://devperform2.sharepoint.com/sites/TechnicalUnderwritingReferralFacility,Home,Yes,Comments button is successfully removed!,02/18/2021 17:34:15,02/18/2021 17:34:22
https://devperform2-admin.sharepoint.com,https://devperform2.sharepoint.com/sites/TechnicalUnderwritingReferralFacility,FAQs,Yes,Comments button is successfully removed!,02/18/2021 17:34:22,02/18/2021 17:34:27
https://devperform2-admin.sharepoint.com,https://devperform2.sharepoint.com/sites/TechnicalUnderwritingReferralFacility,TeamLeaders,Yes,Comments button is successfully removed!,02/18/2021 17:34:27,02/18/2021 17:34:32
https://devperform2-admin.sharepoint.com,https://devperform2.sharepoint.com/sites/TechnicalUnderwritingReferralFacility,Application,Yes,Comments button is successfully removed!,02/18/2021 17:34:32,02/18/2021 17:34:37
https://devperform2-admin.sharepoint.com,https://devperform2.sharepoint.com/sites/TechnicalUnderwritingReferralFacility,New-Form,Yes,Comments button is successfully removed!,02/18/2021 17:34:37,02/18/2021 17:34:42
https://devperform2-admin.sharepoint.com,https://devperform2.sharepoint.com/sites/TechnicalUnderwritingReferralFacility,Edit-Form,Yes,Comments button is successfully removed!,02/18/2021 17:34:42,02/18/2021 17:34:47
https://devperform2-admin.sharepoint.com,https://devperform2.sharepoint.com/sites/TechnicalUnderwritingReferralFacility,Display-Form,Yes,Comments button is successfully removed!,02/18/2021 17:34:47,02/18/2021 17:34:52
https://devperform2-admin.sharepoint.com,https://devperform2.sharepoint.com/sites/TechnicalUnderwritingReferralFacility,Edit-View,Yes,Comments button is successfully removed!,02/18/2021 17:34:52,02/18/2021 17:34:56
https://devperform2-admin.sharepoint.com,https://devperform2.sharepoint.com/sites/TechnicalUnderwritingReferralFacility,Display-View,Yes,Comments button is successfully removed!,02/18/2021 17:34:56,02/18/2021 17:35:02
