Tenant_URL,Destination_URL,Page_Name,Disable_Banner,Status,Start_Date, End_Date
https://demoperform1-admin.sharepoint.com,https://demoperform1.sharepoint.com/sites/Test4,Home,No,Social button is successfully removed!,01-17-2021 20.09,01-17-2021 20.10
https://demoperform1-admin.sharepoint.com,https://demoperform1.sharepoint.com/sites/Test4,Home,Yes,Social button is successfully removed!,01-17-2021 20.10,01-17-2021 20.10
https://demoperform1-admin.sharepoint.com,https://demoperform1.sharepoint.com/sites/Test4,Home,No,Social button is successfully removed!,01-17-2021 20.13,01-17-2021 20.13
https://demoperform1-admin.sharepoint.com,https://demoperform1.sharepoint.com/sites/Test4,Home,Yes,Social button is successfully removed!,01-17-2021 20.13,01-17-2021 20.13
https://demoperform1-admin.sharepoint.com,https://demoperform1.sharepoint.com/sites/Test4,Home,No,Social button is successfully added!,01-17-2021 20.14,01-17-2021 20.15
https://demoperform1-admin.sharepoint.com,https://demoperform1.sharepoint.com/sites/Test4,Home,Yes,Social button is successfully removed!,01-17-2021 20.15,01-17-2021 20.15
https://demoperform1-admin.sharepoint.com,https://demoperform1.sharepoint.com/sites/Test4,FAQs,No,Comments button is successfully added!,01-17-2021 20.28,01-17-2021 20.29
https://demoperform1-admin.sharepoint.com,https://demoperform1.sharepoint.com/sites/Test4,FAQs,Yes,Comments button is successfully removed!,01-17-2021 20.29,01-17-2021 20.29
https://demoperform1-admin.sharepoint.com,https://demoperform1.sharepoint.com/sites/Test4,FAQs,No,Banner button is successfully added!,01/17/2021 20:40:17,01/17/2021 20:40:44
https://demoperform1-admin.sharepoint.com,https://demoperform1.sharepoint.com/sites/Test4,FAQs,Yes,Banner button is successfully removed!,01/17/2021 20:40:44,01/17/2021 20:41:07
https://demoperform1-admin.sharepoint.com,https://demoperform1.sharepoint.com/sites/Test4,FAQs,No,Banner button is successfully added!,01/17/2021 20:41:25,01/17/2021 20:42:04
https://demoperform1-admin.sharepoint.com,https://demoperform1.sharepoint.com/sites/Test4,FAQs,Yes,Banner button is successfully removed!,01/17/2021 20:42:04,01/17/2021 20:42:33
https://demoperform1-admin.sharepoint.com,https://demoperform1.sharepoint.com/sites/Test4,FAQs,Yes,Banner button is successfully removed!,01/17/2021 20:43:33,01/17/2021 20:44:07
https://demoperform1-admin.sharepoint.com,https://demoperform1.sharepoint.com/sites/Test4,FAQs,Yes,Banner button is successfully removed!,01/17/2021 20:45:21,01/17/2021 20:46:02
https://demoperform1-admin.sharepoint.com,https://demoperform1.sharepoint.com/sites/Test4,FAQs,No,Banner button is successfully added!,01/17/2021 20:46:02,01/17/2021 20:46:21
https://demoperform1-admin.sharepoint.com,https://demoperform1.sharepoint.com/sites/Test4,FAQs,No,Banner button is successfully added!,01/17/2021 20:51:41,01/17/2021 20:52:11
https://demoperform1-admin.sharepoint.com,https://demoperform1.sharepoint.com/sites/Test4,FAQs,Yes,Banner button is successfully removed!,01/17/2021 20:52:11,01/17/2021 20:52:45
https://devperform2-admin.sharepoint.com,https://devperform2.sharepoint.com/sites/MidMarketEndorsments,Home,Yes,Banner button is successfully removed!,01/19/2021 16:16:42,01/19/2021 16:16:53
https://devperform2-admin.sharepoint.com,https://devperform2.sharepoint.com/sites/MidMarketEndorsments,FAQs,Yes,Banner button is successfully removed!,01/19/2021 16:16:53,01/19/2021 16:17:09
https://devperform2-admin.sharepoint.com,https://devperform2.sharepoint.com/sites/MidMarketEndorsments,QuickLink,Yes,Banner button is successfully removed!,01/19/2021 16:17:09,01/19/2021 16:17:27
https://devperform2-admin.sharepoint.com,https://devperform2.sharepoint.com/sites/MidMarketEndorsments,TeamLeaders,Yes,Banner button is successfully removed!,01/19/2021 16:17:27,01/19/2021 16:17:44
https://devperform2-admin.sharepoint.com,https://devperform2.sharepoint.com/sites/MidMarketEndorsments,Application,Yes,Banner button is successfully removed!,01/19/2021 16:17:44,01/19/2021 16:17:55
https://devperform2-admin.sharepoint.com,https://devperform2.sharepoint.com/sites/MidMarketEndorsments,New-Form,Yes,Banner button is successfully removed!,01/19/2021 16:17:55,01/19/2021 16:18:07
https://devperform2-admin.sharepoint.com,https://devperform2.sharepoint.com/sites/MidMarketEndorsments,Edit-Form,Yes,Banner button is successfully removed!,01/19/2021 16:18:07,01/19/2021 16:18:21
https://devperform2-admin.sharepoint.com,https://devperform2.sharepoint.com/sites/MidMarketEndorsments,Display-Form,Yes,Banner button is successfully removed!,01/19/2021 16:18:21,01/19/2021 16:18:34
https://devperform2-admin.sharepoint.com,https://devperform2.sharepoint.com/sites/MidMarketPACE,Home,Yes,Banner button is successfully removed!,01/19/2021 16:18:34,01/19/2021 16:18:44
https://devperform2-admin.sharepoint.com,https://devperform2.sharepoint.com/sites/MidMarketPACE,FAQs,Yes,Banner button is successfully removed!,01/19/2021 16:18:44,01/19/2021 16:18:54
https://devperform2-admin.sharepoint.com,https://devperform2.sharepoint.com/sites/MidMarketPACE,QuickLink,Yes,Banner button is successfully removed!,01/19/2021 16:18:54,01/19/2021 16:19:07
https://devperform2-admin.sharepoint.com,https://devperform2.sharepoint.com/sites/MidMarketPACE,TeamLeaders,Yes,Banner button is successfully removed!,01/19/2021 16:19:07,01/19/2021 16:19:20
https://devperform2-admin.sharepoint.com,https://devperform2.sharepoint.com/sites/MidMarketPACE,Application,Yes,Banner button is successfully removed!,01/19/2021 16:19:20,01/19/2021 16:19:32
https://devperform2-admin.sharepoint.com,https://devperform2.sharepoint.com/sites/MidMarketPACE,New-Form,Yes,Banner button is successfully removed!,01/19/2021 16:19:32,01/19/2021 16:19:44
https://devperform2-admin.sharepoint.com,https://devperform2.sharepoint.com/sites/MidMarketPACE,Edit-Form,Yes,Banner button is successfully removed!,01/19/2021 16:19:44,01/19/2021 16:19:55
https://devperform2-admin.sharepoint.com,https://devperform2.sharepoint.com/sites/MidMarketPACE,Display-Form,Yes,Banner button is successfully removed!,01/19/2021 16:19:55,01/19/2021 16:20:06
https://devperform2-admin.sharepoint.com,https://devperform2.sharepoint.com/sites/MidMarketEndorsments,Regions,Yes,Banner button is successfully removed!,01/20/2021 03:57:23,01/20/2021 03:57:30
https://devperform2-admin.sharepoint.com,https://devperform2.sharepoint.com/sites/MidMarketEndorsments,Administration,Yes,Banner button is successfully removed!,01/20/2021 03:57:30,01/20/2021 03:57:37
https://devperform2-admin.sharepoint.com,https://devperform2.sharepoint.com/sites/MidMarketEndorsments,Endorsement-ID,Yes,Banner button is successfully removed!,01/20/2021 03:57:37,01/20/2021 03:57:43
https://devperform2-admin.sharepoint.com,https://devperform2.sharepoint.com/sites/MidMarketEndorsments,Endorsement-Status,Yes,Banner button is successfully removed!,01/20/2021 03:57:43,01/20/2021 03:57:51
https://devperform2-admin.sharepoint.com,https://devperform2.sharepoint.com/sites/MidMarketEndorsments,Endorsement-Type,Yes,Banner button is successfully removed!,01/20/2021 03:57:51,01/20/2021 03:57:58
https://devperform2-admin.sharepoint.com,https://devperform2.sharepoint.com/sites/MidMarketEndorsments,Display-View,Yes,Banner button is successfully removed!,01/20/2021 04:17:23,01/20/2021 04:17:31
https://devperform2-admin.sharepoint.com,https://devperform2.sharepoint.com/sites/PolicyDocumentRepository,Home,Yes,Banner button is successfully removed!,01/20/2021 23:01:20,01/20/2021 23:02:05
https://devperform2-admin.sharepoint.com,https://devperform2.sharepoint.com/sites/PolicyDocumentRepository,FAQs,Yes,Banner button is successfully removed!,01/20/2021 23:02:05,01/20/2021 23:02:37
https://devperform2-admin.sharepoint.com,https://devperform2.sharepoint.com/sites/PolicyDocumentRepository,QuickLink,Yes,Banner button is successfully removed!,01/20/2021 23:02:37,01/20/2021 23:02:58
https://devperform2-admin.sharepoint.com,https://devperform2.sharepoint.com/sites/PolicyDocumentRepository,TeamLeaders,Yes,Banner button is successfully removed!,01/20/2021 23:02:58,01/20/2021 23:03:25
https://devperform2-admin.sharepoint.com,https://devperform2.sharepoint.com/sites/PolicyDocumentRepository,Application,Yes,Banner button is successfully removed!,01/20/2021 23:03:25,01/20/2021 23:03:56
https://devperform2-admin.sharepoint.com,https://devperform2.sharepoint.com/sites/PolicyDocumentRepository,New-Form,Yes,Banner button is successfully removed!,01/20/2021 23:03:56,01/20/2021 23:04:27
https://devperform2-admin.sharepoint.com,https://devperform2.sharepoint.com/sites/PolicyDocumentRepository,Edit-Form,Yes,Banner button is successfully removed!,01/20/2021 23:04:27,01/20/2021 23:04:54
https://devperform2-admin.sharepoint.com,https://devperform2.sharepoint.com/sites/ClaimsKeywordDatabase,Home,Yes,Banner button is successfully removed!,01/21/2021 17:43:27,01/21/2021 17:43:35
https://devperform2-admin.sharepoint.com,https://devperform2.sharepoint.com/sites/ClaimsKeywordDatabase,FAQs,Yes,Banner button is successfully removed!,01/21/2021 17:43:35,01/21/2021 17:43:44
https://devperform2-admin.sharepoint.com,https://devperform2.sharepoint.com/sites/ClaimsKeywordDatabase,QuickLink,Yes,Banner button is successfully removed!,01/21/2021 17:43:44,01/21/2021 17:43:52
https://devperform2-admin.sharepoint.com,https://devperform2.sharepoint.com/sites/ClaimsKeywordDatabase,TeamLeaders,Yes,Banner button is successfully removed!,01/21/2021 17:43:52,01/21/2021 17:44:01
https://devperform2-admin.sharepoint.com,https://devperform2.sharepoint.com/sites/ClaimsKeywordDatabase,Application,Yes,Banner button is successfully removed!,01/21/2021 17:44:01,01/21/2021 17:44:11
https://devperform2-admin.sharepoint.com,https://devperform2.sharepoint.com/sites/ClaimsKeywordDatabase,New-Form,Yes,Banner button is successfully removed!,01/21/2021 17:44:11,01/21/2021 17:44:18
https://devperform2-admin.sharepoint.com,https://devperform2.sharepoint.com/sites/ClaimsKeywordDatabase,Edit-Form,Yes,Banner button is successfully removed!,01/21/2021 17:44:18,01/21/2021 17:44:26
https://devperform2-admin.sharepoint.com,https://devperform2.sharepoint.com/sites/ClaimsKeywordDatabase,Display-Form,Yes,Banner button is successfully removed!,01/21/2021 17:44:26,01/21/2021 17:44:34
https://devperform2-admin.sharepoint.com,https://devperform2.sharepoint.com/sites/ClaimsKeywordDatabase,Display-Page,Yes,Banner button is successfully removed!,01/21/2021 17:44:34,01/21/2021 17:44:42
https://devperform2-admin.sharepoint.com,https://devperform2.sharepoint.com/sites/ClaimsKeywordDatabase,Edit-Page,Yes,Banner button is successfully removed!,01/21/2021 17:44:42,01/21/2021 17:44:49
https://devperform2-admin.sharepoint.com,https://devperform2.sharepoint.com/sites/MidMarketAbeyance,Home,Yes,Banner button is successfully removed!,01/21/2021 17:44:49,01/21/2021 17:44:57
https://devperform2-admin.sharepoint.com,https://devperform2.sharepoint.com/sites/MidMarketAbeyance,FAQs,Yes,Banner button is successfully removed!,01/21/2021 17:44:57,01/21/2021 17:45:05
https://devperform2-admin.sharepoint.com,https://devperform2.sharepoint.com/sites/MidMarketAbeyance,QuickLink,Yes,Banner button is successfully removed!,01/21/2021 17:45:05,01/21/2021 17:45:13
https://devperform2-admin.sharepoint.com,https://devperform2.sharepoint.com/sites/MidMarketAbeyance,TeamLeaders,Yes,Banner button is successfully removed!,01/21/2021 17:45:13,01/21/2021 17:45:20
https://devperform2-admin.sharepoint.com,https://devperform2.sharepoint.com/sites/MidMarketAbeyance,Application,Yes,Banner button is successfully removed!,01/21/2021 17:45:20,01/21/2021 17:45:28
https://devperform2-admin.sharepoint.com,https://devperform2.sharepoint.com/sites/MidMarketAbeyance,New-Form,Yes,Banner button is successfully removed!,01/21/2021 17:45:28,01/21/2021 17:45:36
https://devperform2-admin.sharepoint.com,https://devperform2.sharepoint.com/sites/MidMarketAbeyance,Edit-Form,Yes,Banner button is successfully removed!,01/21/2021 17:45:36,01/21/2021 17:45:44
https://devperform2-admin.sharepoint.com,https://devperform2.sharepoint.com/sites/MidMarketAbeyance,Display-Form,Yes,Banner button is successfully removed!,01/21/2021 17:45:44,01/21/2021 17:45:53
https://devperform2-admin.sharepoint.com,https://devperform2.sharepoint.com/sites/MidMarketAbeyance,Display-Page,Yes,Banner button is successfully removed!,01/21/2021 17:45:53,01/21/2021 17:46:00
https://devperform2-admin.sharepoint.com,https://devperform2.sharepoint.com/sites/MidMarketAbeyance,Edit-Page,Yes,Banner button is successfully removed!,01/21/2021 17:46:00,01/21/2021 17:46:09
https://devperform2-admin.sharepoint.com,https://devperform2.sharepoint.com/sites/QuoterLibraryNorthern,Home,Yes,Banner button is successfully removed!,01/25/2021 15:39:02,01/25/2021 15:39:07
https://devperform2-admin.sharepoint.com,https://devperform2.sharepoint.com/sites/QuoterLibraryNorthern,FAQs,Yes,Banner button is successfully removed!,01/25/2021 15:39:08,01/25/2021 15:39:12
https://devperform2-admin.sharepoint.com,https://devperform2.sharepoint.com/sites/QuoterLibraryNorthern,QuickLink,Yes,Banner button is successfully removed!,01/25/2021 15:39:12,01/25/2021 15:39:16
https://devperform2-admin.sharepoint.com,https://devperform2.sharepoint.com/sites/QuoterLibraryNorthern,TeamLeaders,Yes,Banner button is successfully removed!,01/25/2021 15:39:16,01/25/2021 15:39:21
https://devperform2-admin.sharepoint.com,https://devperform2.sharepoint.com/sites/QuoterLibraryNorthern,Application,Yes,Banner button is successfully removed!,01/25/2021 15:39:21,01/25/2021 15:39:26
https://devperform2-admin.sharepoint.com,https://devperform2.sharepoint.com/sites/QuoterLibraryNorthern,New-Form,Yes,Banner button is successfully removed!,01/25/2021 15:39:26,01/25/2021 15:39:31
https://devperform2-admin.sharepoint.com,https://devperform2.sharepoint.com/sites/QuoterLibraryNorthern,Edit-Form,Yes,Banner button is successfully removed!,01/25/2021 15:39:31,01/25/2021 15:39:35
https://devperform2-admin.sharepoint.com,https://devperform2.sharepoint.com/sites/QuoterLibraryNorthern,Display-Form,Yes,Banner button is successfully removed!,01/25/2021 15:39:35,01/25/2021 15:39:39
https://devperform2-admin.sharepoint.com,https://devperform2.sharepoint.com/sites/JournalCorrectionRequests,Home,Yes,Banner button is successfully removed!,01/25/2021 15:39:39,01/25/2021 15:39:43
https://devperform2-admin.sharepoint.com,https://devperform2.sharepoint.com/sites/JournalCorrectionRequests,FAQs,Yes,Banner button is successfully removed!,01/25/2021 15:39:43,01/25/2021 15:39:47
https://devperform2-admin.sharepoint.com,https://devperform2.sharepoint.com/sites/JournalCorrectionRequests,QuickLink,Yes,Banner button is successfully removed!,01/25/2021 15:39:47,01/25/2021 15:39:52
https://devperform2-admin.sharepoint.com,https://devperform2.sharepoint.com/sites/JournalCorrectionRequests,TeamLeaders,Yes,Banner button is successfully removed!,01/25/2021 15:39:52,01/25/2021 15:39:56
https://devperform2-admin.sharepoint.com,https://devperform2.sharepoint.com/sites/JournalCorrectionRequests,Application,Yes,Banner button is successfully removed!,01/25/2021 15:39:56,01/25/2021 15:40:01
https://devperform2-admin.sharepoint.com,https://devperform2.sharepoint.com/sites/JournalCorrectionRequests,New-Form,Yes,Banner button is successfully removed!,01/25/2021 15:40:01,01/25/2021 15:40:06
https://devperform2-admin.sharepoint.com,https://devperform2.sharepoint.com/sites/JournalCorrectionRequests,Edit-Form,Yes,Banner button is successfully removed!,01/25/2021 15:40:06,01/25/2021 15:40:11
https://devperform2-admin.sharepoint.com,https://devperform2.sharepoint.com/sites/JournalCorrectionRequests,Display-Form,Yes,Banner button is successfully removed!,01/25/2021 15:40:11,01/25/2021 15:40:15
https://devperform2-admin.sharepoint.com,https://devperform2.sharepoint.com/sites/QuoterLibraryNorthern,Home,Yes,Banner button is successfully removed!,01/25/2021 16:31:56,01/25/2021 16:32:01
https://devperform2-admin.sharepoint.com,https://devperform2.sharepoint.com/sites/QuoterLibraryNorthern,FAQs,Yes,Banner button is successfully removed!,01/25/2021 16:32:01,01/25/2021 16:32:07
https://devperform2-admin.sharepoint.com,https://devperform2.sharepoint.com/sites/QuoterLibraryNorthern,QuickLink,Yes,Banner button is successfully removed!,01/25/2021 16:32:07,01/25/2021 16:32:12
https://devperform2-admin.sharepoint.com,https://devperform2.sharepoint.com/sites/QuoterLibraryNorthern,TeamLeaders,Yes,Banner button is successfully removed!,01/25/2021 16:32:12,01/25/2021 16:32:16
https://devperform2-admin.sharepoint.com,https://devperform2.sharepoint.com/sites/QuoterLibraryNorthern,Application,Yes,Banner button is successfully removed!,01/25/2021 16:32:16,01/25/2021 16:32:21
https://devperform2-admin.sharepoint.com,https://devperform2.sharepoint.com/sites/QuoterLibraryNorthern,New-Form,Yes,Banner button is successfully removed!,01/25/2021 16:32:21,01/25/2021 16:32:26
https://devperform2-admin.sharepoint.com,https://devperform2.sharepoint.com/sites/QuoterLibraryNorthern,Edit-Form,Yes,Banner button is successfully removed!,01/25/2021 16:32:26,01/25/2021 16:32:31
https://devperform2-admin.sharepoint.com,https://devperform2.sharepoint.com/sites/QuoterLibraryNorthern,Display-Form,Yes,Banner button is successfully removed!,01/25/2021 16:32:31,01/25/2021 16:32:36
https://devperform2-admin.sharepoint.com,https://devperform2.sharepoint.com/sites/QuoterLibraryNorthern,Edit-View,Yes,Banner button is successfully removed!,01/25/2021 16:32:36,01/25/2021 16:32:41
https://devperform2-admin.sharepoint.com,https://devperform2.sharepoint.com/sites/QuoterLibraryNorthern,Display-View,Yes,Banner button is successfully removed!,01/25/2021 16:32:41,01/25/2021 16:32:46
https://devperform2-admin.sharepoint.com,https://devperform2.sharepoint.com/sites/JournalCorrectionRequests,Home,Yes,Banner button is successfully removed!,01/25/2021 16:32:46,01/25/2021 16:32:51
https://devperform2-admin.sharepoint.com,https://devperform2.sharepoint.com/sites/JournalCorrectionRequests,FAQs,Yes,Banner button is successfully removed!,01/25/2021 16:32:51,01/25/2021 16:32:57
https://devperform2-admin.sharepoint.com,https://devperform2.sharepoint.com/sites/JournalCorrectionRequests,QuickLink,Yes,Banner button is successfully removed!,01/25/2021 16:32:57,01/25/2021 16:33:02
https://devperform2-admin.sharepoint.com,https://devperform2.sharepoint.com/sites/JournalCorrectionRequests,TeamLeaders,Yes,Banner button is successfully removed!,01/25/2021 16:33:02,01/25/2021 16:33:07
https://devperform2-admin.sharepoint.com,https://devperform2.sharepoint.com/sites/JournalCorrectionRequests,Application,Yes,Banner button is successfully removed!,01/25/2021 16:33:07,01/25/2021 16:33:12
https://devperform2-admin.sharepoint.com,https://devperform2.sharepoint.com/sites/JournalCorrectionRequests,New-Form,Yes,Banner button is successfully removed!,01/25/2021 16:33:12,01/25/2021 16:33:17
https://devperform2-admin.sharepoint.com,https://devperform2.sharepoint.com/sites/JournalCorrectionRequests,Edit-Form,Yes,Banner button is successfully removed!,01/25/2021 16:33:17,01/25/2021 16:33:22
https://devperform2-admin.sharepoint.com,https://devperform2.sharepoint.com/sites/JournalCorrectionRequests,Display-Form,Yes,Banner button is successfully removed!,01/25/2021 16:33:22,01/25/2021 16:33:26
https://devperform2-admin.sharepoint.com,https://devperform2.sharepoint.com/sites/JournalCorrectionRequests,Edit-View,Yes,Banner button is successfully removed!,01/25/2021 16:33:26,01/25/2021 16:33:31
https://devperform2-admin.sharepoint.com,https://devperform2.sharepoint.com/sites/JournalCorrectionRequests,Display-View,Yes,Banner button is successfully removed!,01/25/2021 16:33:31,01/25/2021 16:33:36
https://devperform2-admin.sharepoint.com,https://devperform2.sharepoint.com/sites/QuoterLibraryNorthern,Home,No,Banner button is successfully added!,01/25/2021 16:38:26,01/25/2021 16:38:31
https://devperform2-admin.sharepoint.com,https://devperform2.sharepoint.com/sites/QuoterLibraryNorthern,FAQs,No,Banner button is successfully added!,01/25/2021 16:38:31,01/25/2021 16:38:36
https://devperform2-admin.sharepoint.com,https://devperform2.sharepoint.com/sites/QuoterLibraryNorthern,QuickLink,No,Banner button is successfully added!,01/25/2021 16:38:36,01/25/2021 16:38:42
https://devperform2-admin.sharepoint.com,https://devperform2.sharepoint.com/sites/QuoterLibraryNorthern,TeamLeaders,No,Banner button is successfully added!,01/25/2021 16:38:42,01/25/2021 16:38:46
https://devperform2-admin.sharepoint.com,https://devperform2.sharepoint.com/sites/QuoterLibraryNorthern,Application,No,Banner button is successfully added!,01/25/2021 16:38:46,01/25/2021 16:38:51
https://devperform2-admin.sharepoint.com,https://devperform2.sharepoint.com/sites/QuoterLibraryNorthern,New-Form,No,Banner button is successfully added!,01/25/2021 16:38:51,01/25/2021 16:38:56
https://devperform2-admin.sharepoint.com,https://devperform2.sharepoint.com/sites/QuoterLibraryNorthern,Edit-Form,No,Banner button is successfully added!,01/25/2021 16:38:56,01/25/2021 16:39:00
https://devperform2-admin.sharepoint.com,https://devperform2.sharepoint.com/sites/QuoterLibraryNorthern,Display-Form,No,Banner button is successfully added!,01/25/2021 16:39:00,01/25/2021 16:39:07
https://devperform2-admin.sharepoint.com,https://devperform2.sharepoint.com/sites/QuoterLibraryNorthern,Edit-View,No,Banner button is successfully added!,01/25/2021 16:39:07,01/25/2021 16:39:12
https://devperform2-admin.sharepoint.com,https://devperform2.sharepoint.com/sites/QuoterLibraryNorthern,Display-View,No,Banner button is successfully added!,01/25/2021 16:39:12,01/25/2021 16:39:17
https://devperform2-admin.sharepoint.com,https://devperform2.sharepoint.com/sites/JournalCorrectionRequests,Home,No,Banner button is successfully added!,01/25/2021 16:39:17,01/25/2021 16:39:22
https://devperform2-admin.sharepoint.com,https://devperform2.sharepoint.com/sites/JournalCorrectionRequests,FAQs,No,Banner button is successfully added!,01/25/2021 16:39:22,01/25/2021 16:39:26
https://devperform2-admin.sharepoint.com,https://devperform2.sharepoint.com/sites/JournalCorrectionRequests,QuickLink,No,Banner button is successfully added!,01/25/2021 16:39:26,01/25/2021 16:39:31
https://devperform2-admin.sharepoint.com,https://devperform2.sharepoint.com/sites/JournalCorrectionRequests,TeamLeaders,No,Banner button is successfully added!,01/25/2021 16:39:31,01/25/2021 16:39:36
https://devperform2-admin.sharepoint.com,https://devperform2.sharepoint.com/sites/JournalCorrectionRequests,Application,No,Banner button is successfully added!,01/25/2021 16:39:36,01/25/2021 16:39:42
https://devperform2-admin.sharepoint.com,https://devperform2.sharepoint.com/sites/JournalCorrectionRequests,New-Form,No,Banner button is successfully added!,01/25/2021 16:39:42,01/25/2021 16:39:46
https://devperform2-admin.sharepoint.com,https://devperform2.sharepoint.com/sites/JournalCorrectionRequests,Edit-Form,No,Banner button is successfully added!,01/25/2021 16:39:46,01/25/2021 16:39:52
https://devperform2-admin.sharepoint.com,https://devperform2.sharepoint.com/sites/JournalCorrectionRequests,Display-Form,No,Banner button is successfully added!,01/25/2021 16:39:52,01/25/2021 16:39:56
https://devperform2-admin.sharepoint.com,https://devperform2.sharepoint.com/sites/JournalCorrectionRequests,Edit-View,No,Banner button is successfully added!,01/25/2021 16:39:56,01/25/2021 16:40:01
https://devperform2-admin.sharepoint.com,https://devperform2.sharepoint.com/sites/JournalCorrectionRequests,Display-View,No,Banner button is successfully added!,01/25/2021 16:40:01,01/25/2021 16:40:06
https://devperform2-admin.sharepoint.com,https://devperform2.sharepoint.com/sites/QuoterLibraryNorthern,Home,Yes,Banner button is successfully removed!,01/25/2021 16:46:56,01/25/2021 16:47:02
https://devperform2-admin.sharepoint.com,https://devperform2.sharepoint.com/sites/QuoterLibraryNorthern,FAQs,Yes,Banner button is successfully removed!,01/25/2021 16:47:02,01/25/2021 16:47:07
https://devperform2-admin.sharepoint.com,https://devperform2.sharepoint.com/sites/QuoterLibraryNorthern,QuickLink,Yes,Banner button is successfully removed!,01/25/2021 16:47:07,01/25/2021 16:47:11
https://devperform2-admin.sharepoint.com,https://devperform2.sharepoint.com/sites/QuoterLibraryNorthern,TeamLeaders,Yes,Banner button is successfully removed!,01/25/2021 16:47:11,01/25/2021 16:47:17
https://devperform2-admin.sharepoint.com,https://devperform2.sharepoint.com/sites/QuoterLibraryNorthern,Application,Yes,Banner button is successfully removed!,01/25/2021 16:47:17,01/25/2021 16:47:22
https://devperform2-admin.sharepoint.com,https://devperform2.sharepoint.com/sites/QuoterLibraryNorthern,New-Form,Yes,Banner button is successfully removed!,01/25/2021 16:47:22,01/25/2021 16:47:31
https://devperform2-admin.sharepoint.com,https://devperform2.sharepoint.com/sites/QuoterLibraryNorthern,Edit-Form,Yes,Banner button is successfully removed!,01/25/2021 16:47:31,01/25/2021 16:47:36
https://devperform2-admin.sharepoint.com,https://devperform2.sharepoint.com/sites/QuoterLibraryNorthern,Display-Form,Yes,Banner button is successfully removed!,01/25/2021 16:47:36,01/25/2021 16:47:41
https://devperform2-admin.sharepoint.com,https://devperform2.sharepoint.com/sites/QuoterLibraryNorthern,Edit-View,Yes,Banner button is successfully removed!,01/25/2021 16:47:41,01/25/2021 16:47:47
https://devperform2-admin.sharepoint.com,https://devperform2.sharepoint.com/sites/QuoterLibraryNorthern,Display-View,Yes,Banner button is successfully removed!,01/25/2021 16:47:47,01/25/2021 16:47:51
https://devperform2-admin.sharepoint.com,https://devperform2.sharepoint.com/sites/JournalCorrectionRequests,Home,Yes,Banner button is successfully removed!,01/25/2021 16:47:51,01/25/2021 16:47:56
https://devperform2-admin.sharepoint.com,https://devperform2.sharepoint.com/sites/JournalCorrectionRequests,FAQs,Yes,Banner button is successfully removed!,01/25/2021 16:47:56,01/25/2021 16:48:01
https://devperform2-admin.sharepoint.com,https://devperform2.sharepoint.com/sites/JournalCorrectionRequests,QuickLink,Yes,Banner button is successfully removed!,01/25/2021 16:48:01,01/25/2021 16:48:07
https://devperform2-admin.sharepoint.com,https://devperform2.sharepoint.com/sites/JournalCorrectionRequests,TeamLeaders,Yes,Banner button is successfully removed!,01/25/2021 16:48:07,01/25/2021 16:48:12
https://devperform2-admin.sharepoint.com,https://devperform2.sharepoint.com/sites/JournalCorrectionRequests,Application,Yes,Banner button is successfully removed!,01/25/2021 16:48:12,01/25/2021 16:48:17
https://devperform2-admin.sharepoint.com,https://devperform2.sharepoint.com/sites/JournalCorrectionRequests,New-Form,Yes,Banner button is successfully removed!,01/25/2021 16:48:17,01/25/2021 16:48:21
https://devperform2-admin.sharepoint.com,https://devperform2.sharepoint.com/sites/JournalCorrectionRequests,Edit-Form,Yes,Banner button is successfully removed!,01/25/2021 16:48:21,01/25/2021 16:48:27
https://devperform2-admin.sharepoint.com,https://devperform2.sharepoint.com/sites/JournalCorrectionRequests,Display-Form,Yes,Banner button is successfully removed!,01/25/2021 16:48:27,01/25/2021 16:48:31
https://devperform2-admin.sharepoint.com,https://devperform2.sharepoint.com/sites/JournalCorrectionRequests,Edit-View,Yes,Banner button is successfully removed!,01/25/2021 16:48:31,01/25/2021 16:48:36
https://devperform2-admin.sharepoint.com,https://devperform2.sharepoint.com/sites/JournalCorrectionRequests,Display-View,Yes,Banner button is successfully removed!,01/25/2021 16:48:36,01/25/2021 16:48:41
https://devperform2-admin.sharepoint.com,https://devperform2.sharepoint.com/sites/TPDReconciliationIssuesDatabase,Home,Yes,Banner button is successfully removed!,01/27/2021 16:43:08,01/27/2021 16:43:18
https://devperform2-admin.sharepoint.com,https://devperform2.sharepoint.com/sites/TPDReconciliationIssuesDatabase,FAQs,Yes,Banner button is successfully removed!,01/27/2021 16:43:18,01/27/2021 16:43:25
https://devperform2-admin.sharepoint.com,https://devperform2.sharepoint.com/sites/TPDReconciliationIssuesDatabase,QuickLink,Yes,Banner button is successfully removed!,01/27/2021 16:43:25,01/27/2021 16:43:31
https://devperform2-admin.sharepoint.com,https://devperform2.sharepoint.com/sites/TPDReconciliationIssuesDatabase,TeamLeaders,Yes,Banner button is successfully removed!,01/27/2021 16:43:31,01/27/2021 16:43:38
https://devperform2-admin.sharepoint.com,https://devperform2.sharepoint.com/sites/TPDReconciliationIssuesDatabase,Application,Yes,Banner button is successfully removed!,01/27/2021 16:43:38,01/27/2021 16:43:45
https://devperform2-admin.sharepoint.com,https://devperform2.sharepoint.com/sites/TPDReconciliationIssuesDatabase,New-Form,Yes,Banner button is successfully removed!,01/27/2021 16:43:45,01/27/2021 16:43:51
https://devperform2-admin.sharepoint.com,https://devperform2.sharepoint.com/sites/TPDReconciliationIssuesDatabase,Edit-Form,Yes,Banner button is successfully removed!,01/27/2021 16:43:51,01/27/2021 16:43:58
https://devperform2-admin.sharepoint.com,https://devperform2.sharepoint.com/sites/TPDReconciliationIssuesDatabase,Display-Form,Yes,Banner button is successfully removed!,01/27/2021 16:43:58,01/27/2021 16:44:05
https://devperform2-admin.sharepoint.com,https://devperform2.sharepoint.com/sites/BPCToolkit,Home,No,Banner button is successfully added!,01/28/2021 12:40:39,01/28/2021 12:40:52
https://devperform2-admin.sharepoint.com,https://devperform2.sharepoint.com/sites/BPCToolkit,FAQs,No,Banner button is successfully added!,01/28/2021 12:40:52,01/28/2021 12:40:58
https://devperform2-admin.sharepoint.com,https://devperform2.sharepoint.com/sites/BPCToolkit,QuickLink,No,Banner button is successfully added!,01/28/2021 12:40:58,01/28/2021 12:41:04
https://devperform2-admin.sharepoint.com,https://devperform2.sharepoint.com/sites/BPCToolkit,TeamLeaders,No,Banner button is successfully added!,01/28/2021 12:41:04,01/28/2021 12:41:10
https://devperform2-admin.sharepoint.com,https://devperform2.sharepoint.com/sites/BPCToolkit,Application,No,Banner button is successfully added!,01/28/2021 12:41:10,01/28/2021 12:41:16
https://devperform2-admin.sharepoint.com,https://devperform2.sharepoint.com/sites/BPCToolkit,New-Form,No,Banner button is successfully added!,01/28/2021 12:41:16,01/28/2021 12:41:21
https://devperform2-admin.sharepoint.com,https://devperform2.sharepoint.com/sites/BPCToolkit,Edit-Form,No,Banner button is successfully added!,01/28/2021 12:41:21,01/28/2021 12:41:28
https://devperform2-admin.sharepoint.com,https://devperform2.sharepoint.com/sites/BPCToolkit,Display-Form,No,Banner button is successfully added!,01/28/2021 12:41:28,01/28/2021 12:41:32
https://devperform2-admin.sharepoint.com,https://devperform2.sharepoint.com/sites/BPCToolkit,Edit-View,No,Banner button is successfully added!,01/28/2021 12:41:32,01/28/2021 12:41:38
https://devperform2-admin.sharepoint.com,https://devperform2.sharepoint.com/sites/BPCToolkit,Display-View,No,Banner button is successfully added!,01/28/2021 12:41:38,01/28/2021 12:41:43
https://devperform2-admin.sharepoint.com,https://devperform2.sharepoint.com/sites/ZebraAuthorizationToolkit,Home,No,Banner button is successfully added!,01/28/2021 12:41:43,01/28/2021 12:41:48
https://devperform2-admin.sharepoint.com,https://devperform2.sharepoint.com/sites/ZebraAuthorizationToolkit,FAQs,No,Banner button is successfully added!,01/28/2021 12:41:48,01/28/2021 12:41:53
https://devperform2-admin.sharepoint.com,https://devperform2.sharepoint.com/sites/ZebraAuthorizationToolkit,QuickLink,No,Banner button is successfully added!,01/28/2021 12:41:53,01/28/2021 12:41:59
https://devperform2-admin.sharepoint.com,https://devperform2.sharepoint.com/sites/ZebraAuthorizationToolkit,TeamLeaders,No,Banner button is successfully added!,01/28/2021 12:41:59,01/28/2021 12:42:04
https://devperform2-admin.sharepoint.com,https://devperform2.sharepoint.com/sites/ZebraAuthorizationToolkit,Application,No,Banner button is successfully added!,01/28/2021 12:42:04,01/28/2021 12:42:09
https://devperform2-admin.sharepoint.com,https://devperform2.sharepoint.com/sites/ZebraAuthorizationToolkit,New-Form,No,Banner button is successfully added!,01/28/2021 12:42:09,01/28/2021 12:42:15
https://devperform2-admin.sharepoint.com,https://devperform2.sharepoint.com/sites/ZebraAuthorizationToolkit,Edit-Form,No,Banner button is successfully added!,01/28/2021 12:42:15,01/28/2021 12:42:22
https://devperform2-admin.sharepoint.com,https://devperform2.sharepoint.com/sites/ZebraAuthorizationToolkit,Display-Form,No,Banner button is successfully added!,01/28/2021 12:42:22,01/28/2021 12:42:27
https://devperform2-admin.sharepoint.com,https://devperform2.sharepoint.com/sites/ZebraAuthorizationToolkit,Edit-View,No,Banner button is successfully added!,01/28/2021 12:42:27,01/28/2021 12:42:32
https://devperform2-admin.sharepoint.com,https://devperform2.sharepoint.com/sites/ZebraAuthorizationToolkit,Display-View,No,Banner button is successfully added!,01/28/2021 12:42:32,01/28/2021 12:42:39
https://devperform2-admin.sharepoint.com,https://devperform2.sharepoint.com/sites/BPCToolkit,Home,Yes,Banner button is successfully removed!,01/28/2021 13:18:58,01/28/2021 13:19:03
https://devperform2-admin.sharepoint.com,https://devperform2.sharepoint.com/sites/BPCToolkit,FAQs,Yes,Banner button is successfully removed!,01/28/2021 13:19:03,01/28/2021 13:19:08
https://devperform2-admin.sharepoint.com,https://devperform2.sharepoint.com/sites/BPCToolkit,QuickLink,Yes,Banner button is successfully removed!,01/28/2021 13:19:08,01/28/2021 13:19:14
https://devperform2-admin.sharepoint.com,https://devperform2.sharepoint.com/sites/BPCToolkit,TeamLeaders,Yes,Banner button is successfully removed!,01/28/2021 13:19:14,01/28/2021 13:19:19
https://devperform2-admin.sharepoint.com,https://devperform2.sharepoint.com/sites/BPCToolkit,Application,Yes,Banner button is successfully removed!,01/28/2021 13:19:19,01/28/2021 13:19:26
https://devperform2-admin.sharepoint.com,https://devperform2.sharepoint.com/sites/BPCToolkit,New-Form,Yes,Banner button is successfully removed!,01/28/2021 13:19:26,01/28/2021 13:19:31
https://devperform2-admin.sharepoint.com,https://devperform2.sharepoint.com/sites/BPCToolkit,Edit-Form,Yes,Banner button is successfully removed!,01/28/2021 13:19:31,01/28/2021 13:19:37
https://devperform2-admin.sharepoint.com,https://devperform2.sharepoint.com/sites/BPCToolkit,Display-Form,Yes,Banner button is successfully removed!,01/28/2021 13:19:37,01/28/2021 13:19:42
https://devperform2-admin.sharepoint.com,https://devperform2.sharepoint.com/sites/BPCToolkit,Edit-View,Yes,Banner button is successfully removed!,01/28/2021 13:19:42,01/28/2021 13:19:48
https://devperform2-admin.sharepoint.com,https://devperform2.sharepoint.com/sites/BPCToolkit,Display-View,Yes,Banner button is successfully removed!,01/28/2021 13:19:48,01/28/2021 13:19:53
https://devperform2-admin.sharepoint.com,https://devperform2.sharepoint.com/sites/ZebraAuthorizationToolkit,Home,Yes,Banner button is successfully removed!,01/28/2021 13:19:53,01/28/2021 13:19:58
https://devperform2-admin.sharepoint.com,https://devperform2.sharepoint.com/sites/ZebraAuthorizationToolkit,FAQs,Yes,Banner button is successfully removed!,01/28/2021 13:19:58,01/28/2021 13:20:04
https://devperform2-admin.sharepoint.com,https://devperform2.sharepoint.com/sites/ZebraAuthorizationToolkit,QuickLink,Yes,Banner button is successfully removed!,01/28/2021 13:20:04,01/28/2021 13:20:09
https://devperform2-admin.sharepoint.com,https://devperform2.sharepoint.com/sites/ZebraAuthorizationToolkit,TeamLeaders,Yes,Banner button is successfully removed!,01/28/2021 13:20:09,01/28/2021 13:20:14
https://devperform2-admin.sharepoint.com,https://devperform2.sharepoint.com/sites/ZebraAuthorizationToolkit,Application,Yes,Banner button is successfully removed!,01/28/2021 13:20:14,01/28/2021 13:20:19
https://devperform2-admin.sharepoint.com,https://devperform2.sharepoint.com/sites/ZebraAuthorizationToolkit,New-Form,Yes,Banner button is successfully removed!,01/28/2021 13:20:19,01/28/2021 13:20:25
https://devperform2-admin.sharepoint.com,https://devperform2.sharepoint.com/sites/ZebraAuthorizationToolkit,Edit-Form,Yes,Banner button is successfully removed!,01/28/2021 13:20:25,01/28/2021 13:20:30
https://devperform2-admin.sharepoint.com,https://devperform2.sharepoint.com/sites/ZebraAuthorizationToolkit,Display-Form,Yes,Banner button is successfully removed!,01/28/2021 13:20:30,01/28/2021 13:20:36
https://devperform2-admin.sharepoint.com,https://devperform2.sharepoint.com/sites/ZebraAuthorizationToolkit,Edit-View,Yes,Banner button is successfully removed!,01/28/2021 13:20:36,01/28/2021 13:20:41
https://devperform2-admin.sharepoint.com,https://devperform2.sharepoint.com/sites/ZebraAuthorizationToolkit,Display-View,Yes,Banner button is successfully removed!,01/28/2021 13:20:41,01/28/2021 13:20:46
https://devperform2-admin.sharepoint.com,https://devperform2.sharepoint.com/sites/CounterProductsTraining,Home,No,Banner button is successfully added!,02/01/2021 14:28:29,02/01/2021 14:28:37
https://devperform2-admin.sharepoint.com,https://devperform2.sharepoint.com/sites/CounterProductsTraining,FAQs,No,Banner button is successfully added!,02/01/2021 14:28:37,02/01/2021 14:28:43
https://devperform2-admin.sharepoint.com,https://devperform2.sharepoint.com/sites/CounterProductsTraining,QuickLink,No,Banner button is successfully added!,02/01/2021 14:28:43,02/01/2021 14:28:50
https://devperform2-admin.sharepoint.com,https://devperform2.sharepoint.com/sites/CounterProductsTraining,TeamLeaders,No,Banner button is successfully added!,02/01/2021 14:28:51,02/01/2021 14:28:59
https://devperform2-admin.sharepoint.com,https://devperform2.sharepoint.com/sites/CounterProductsTraining,Application,No,Banner button is successfully added!,02/01/2021 14:28:59,02/01/2021 14:29:06
https://devperform2-admin.sharepoint.com,https://devperform2.sharepoint.com/sites/CounterProductsTraining,New-Form,No,Banner button is successfully added!,02/01/2021 14:29:06,02/01/2021 14:29:15
https://devperform2-admin.sharepoint.com,https://devperform2.sharepoint.com/sites/CounterProductsTraining,Edit-Form,No,Banner button is successfully added!,02/01/2021 14:29:15,02/01/2021 14:29:23
https://devperform2-admin.sharepoint.com,https://devperform2.sharepoint.com/sites/CounterProductsTraining,Display-Form,No,Banner button is successfully added!,02/01/2021 14:29:23,02/01/2021 14:29:29
https://devperform2-admin.sharepoint.com,https://devperform2.sharepoint.com/sites/CounterProductsTraining,Edit-View,No,Banner button is successfully added!,02/01/2021 14:29:30,02/01/2021 14:29:38
https://devperform2-admin.sharepoint.com,https://devperform2.sharepoint.com/sites/CounterProductsTraining,Display-View,No,Banner button is successfully added!,02/01/2021 14:29:38,02/01/2021 14:29:44
https://devperform2-admin.sharepoint.com,https://devperform2.sharepoint.com/sites/CounterProductsTraining,Home,Yes,Banner button is successfully removed!,02/01/2021 14:49:12,02/01/2021 14:49:18
https://devperform2-admin.sharepoint.com,https://devperform2.sharepoint.com/sites/CounterProductsTraining,FAQs,Yes,Banner button is successfully removed!,02/01/2021 14:49:18,02/01/2021 14:49:24
https://devperform2-admin.sharepoint.com,https://devperform2.sharepoint.com/sites/CounterProductsTraining,QuickLink,Yes,Banner button is successfully removed!,02/01/2021 14:49:24,02/01/2021 14:49:30
https://devperform2-admin.sharepoint.com,https://devperform2.sharepoint.com/sites/CounterProductsTraining,TeamLeaders,Yes,Banner button is successfully removed!,02/01/2021 14:49:30,02/01/2021 14:49:36
https://devperform2-admin.sharepoint.com,https://devperform2.sharepoint.com/sites/CounterProductsTraining,Application,Yes,Banner button is successfully removed!,02/01/2021 14:49:36,02/01/2021 14:49:42
https://devperform2-admin.sharepoint.com,https://devperform2.sharepoint.com/sites/CounterProductsTraining,New-Form,Yes,Banner button is successfully removed!,02/01/2021 14:49:42,02/01/2021 14:49:48
https://devperform2-admin.sharepoint.com,https://devperform2.sharepoint.com/sites/CounterProductsTraining,Edit-Form,Yes,Banner button is successfully removed!,02/01/2021 14:49:48,02/01/2021 14:49:55
https://devperform2-admin.sharepoint.com,https://devperform2.sharepoint.com/sites/CounterProductsTraining,Display-Form,Yes,Banner button is successfully removed!,02/01/2021 14:49:55,02/01/2021 14:50:01
https://devperform2-admin.sharepoint.com,https://devperform2.sharepoint.com/sites/CounterProductsTraining,Edit-View,Yes,Banner button is successfully removed!,02/01/2021 14:50:01,02/01/2021 14:50:07
https://devperform2-admin.sharepoint.com,https://devperform2.sharepoint.com/sites/CounterProductsTraining,Display-View,Yes,Banner button is successfully removed!,02/01/2021 14:50:07,02/01/2021 14:50:12
https://devperform2-admin.sharepoint.com,https://devperform2.sharepoint.com/sites/HistoryCards,Home,No,Banner button is successfully added!,02/01/2021 17:16:40,02/01/2021 17:16:49
https://devperform2-admin.sharepoint.com,https://devperform2.sharepoint.com/sites/HistoryCards,FAQs,No,Banner button is successfully added!,02/01/2021 17:16:49,02/01/2021 17:16:56
https://devperform2-admin.sharepoint.com,https://devperform2.sharepoint.com/sites/HistoryCards,QuickLink,No,Banner button is successfully added!,02/01/2021 17:16:56,02/01/2021 17:17:02
https://devperform2-admin.sharepoint.com,https://devperform2.sharepoint.com/sites/HistoryCards,TeamLeaders,No,Banner button is successfully added!,02/01/2021 17:17:02,02/01/2021 17:17:09
https://devperform2-admin.sharepoint.com,https://devperform2.sharepoint.com/sites/HistoryCards,Application,No,Banner button is successfully added!,02/01/2021 17:17:09,02/01/2021 17:17:14
https://devperform2-admin.sharepoint.com,https://devperform2.sharepoint.com/sites/HistoryCards,New-Form,No,Banner button is successfully added!,02/01/2021 17:17:14,02/01/2021 17:17:20
https://devperform2-admin.sharepoint.com,https://devperform2.sharepoint.com/sites/HistoryCards,Edit-Form,No,Banner button is successfully added!,02/01/2021 17:17:21,02/01/2021 17:17:27
https://devperform2-admin.sharepoint.com,https://devperform2.sharepoint.com/sites/HistoryCards,Display-Form,No,Banner button is successfully added!,02/01/2021 17:17:27,02/01/2021 17:17:34
https://devperform2-admin.sharepoint.com,https://devperform2.sharepoint.com/sites/HistoryCards,Edit-View,No,Banner button is successfully added!,02/01/2021 17:17:34,02/01/2021 17:17:40
https://devperform2-admin.sharepoint.com,https://devperform2.sharepoint.com/sites/HistoryCards,Display-View,No,Banner button is successfully added!,02/01/2021 17:17:40,02/01/2021 17:17:46
https://devperform2-admin.sharepoint.com,https://devperform2.sharepoint.com/sites/HistoryCards,Home,Yes,Banner button is successfully removed!,02/01/2021 17:24:54,02/01/2021 17:25:02
https://devperform2-admin.sharepoint.com,https://devperform2.sharepoint.com/sites/HistoryCards,FAQs,Yes,Banner button is successfully removed!,02/01/2021 17:25:02,02/01/2021 17:25:09
https://devperform2-admin.sharepoint.com,https://devperform2.sharepoint.com/sites/HistoryCards,QuickLink,Yes,Banner button is successfully removed!,02/01/2021 17:25:09,02/01/2021 17:25:18
https://devperform2-admin.sharepoint.com,https://devperform2.sharepoint.com/sites/HistoryCards,TeamLeaders,Yes,Banner button is successfully removed!,02/01/2021 17:25:18,02/01/2021 17:25:24
https://devperform2-admin.sharepoint.com,https://devperform2.sharepoint.com/sites/HistoryCards,Application,Yes,Banner button is successfully removed!,02/01/2021 17:25:24,02/01/2021 17:25:32
https://devperform2-admin.sharepoint.com,https://devperform2.sharepoint.com/sites/HistoryCards,New-Form,Yes,Banner button is successfully removed!,02/01/2021 17:25:32,02/01/2021 17:25:40
https://devperform2-admin.sharepoint.com,https://devperform2.sharepoint.com/sites/HistoryCards,Edit-Form,Yes,Banner button is successfully removed!,02/01/2021 17:25:40,02/01/2021 17:25:46
https://devperform2-admin.sharepoint.com,https://devperform2.sharepoint.com/sites/HistoryCards,Display-Form,Yes,Banner button is successfully removed!,02/01/2021 17:25:46,02/01/2021 17:25:54
https://devperform2-admin.sharepoint.com,https://devperform2.sharepoint.com/sites/HistoryCards,Edit-View,Yes,Banner button is successfully removed!,02/01/2021 17:25:54,02/01/2021 17:26:00
https://devperform2-admin.sharepoint.com,https://devperform2.sharepoint.com/sites/HistoryCards,Display-View,Yes,Banner button is successfully removed!,02/01/2021 17:26:00,02/01/2021 17:26:06
https://devperform2-admin.sharepoint.com,https://devperform2.sharepoint.com/sites/NewNCCReferenceDictionary,Home,Yes,Banner button is successfully removed!,02/02/2021 17:13:30,02/02/2021 17:13:37
https://devperform2-admin.sharepoint.com,https://devperform2.sharepoint.com/sites/NewNCCReferenceDictionary,FAQs,Yes,Banner button is successfully removed!,02/02/2021 17:13:37,02/02/2021 17:13:46
https://devperform2-admin.sharepoint.com,https://devperform2.sharepoint.com/sites/NewNCCReferenceDictionary,QuickLink,Yes,Banner button is successfully removed!,02/02/2021 17:13:46,02/02/2021 17:13:52
https://devperform2-admin.sharepoint.com,https://devperform2.sharepoint.com/sites/NewNCCReferenceDictionary,TeamLeaders,Yes,Banner button is successfully removed!,02/02/2021 17:13:52,02/02/2021 17:13:58
https://devperform2-admin.sharepoint.com,https://devperform2.sharepoint.com/sites/NewNCCReferenceDictionary,Application,Yes,Banner button is successfully removed!,02/02/2021 17:13:58,02/02/2021 17:14:05
https://devperform2-admin.sharepoint.com,https://devperform2.sharepoint.com/sites/NewNCCReferenceDictionary,New-Form,Yes,Banner button is successfully removed!,02/02/2021 17:14:05,02/02/2021 17:14:12
https://devperform2-admin.sharepoint.com,https://devperform2.sharepoint.com/sites/NewNCCReferenceDictionary,Edit-Form,Yes,Banner button is successfully removed!,02/02/2021 17:14:12,02/02/2021 17:14:17
https://devperform2-admin.sharepoint.com,https://devperform2.sharepoint.com/sites/NewNCCReferenceDictionary,Display-Form,Yes,Banner button is successfully removed!,02/02/2021 17:14:17,02/02/2021 17:14:24
https://devperform2-admin.sharepoint.com,https://devperform2.sharepoint.com/sites/NewNCCReferenceDictionary,Edit-View,Yes,Banner button is successfully removed!,02/02/2021 17:14:24,02/02/2021 17:14:33
https://devperform2-admin.sharepoint.com,https://devperform2.sharepoint.com/sites/NewNCCReferenceDictionary,Display-View,Yes,Banner button is successfully removed!,02/02/2021 17:14:33,02/02/2021 17:14:39
https://devperform2-admin.sharepoint.com,https://devperform2.sharepoint.com/sites/CorporateUnderwritingApprovalsArchive2017,Home,Yes,Banner button is successfully removed!,02/02/2021 17:14:40,02/02/2021 17:14:47
https://devperform2-admin.sharepoint.com,https://devperform2.sharepoint.com/sites/CorporateUnderwritingApprovalsArchive2017,FAQs,Yes,Banner button is successfully removed!,02/02/2021 17:14:47,02/02/2021 17:14:54
https://devperform2-admin.sharepoint.com,https://devperform2.sharepoint.com/sites/CorporateUnderwritingApprovalsArchive2017,QuickLink,Yes,Banner button is successfully removed!,02/02/2021 17:14:54,02/02/2021 17:15:02
https://devperform2-admin.sharepoint.com,https://devperform2.sharepoint.com/sites/CorporateUnderwritingApprovalsArchive2017,TeamLeaders,Yes,Banner button is successfully removed!,02/02/2021 17:15:02,02/02/2021 17:15:08
https://devperform2-admin.sharepoint.com,https://devperform2.sharepoint.com/sites/CorporateUnderwritingApprovalsArchive2017,Application,Yes,Banner button is successfully removed!,02/02/2021 17:15:08,02/02/2021 17:15:16
https://devperform2-admin.sharepoint.com,https://devperform2.sharepoint.com/sites/CorporateUnderwritingApprovalsArchive2017,New-Form,Yes,Banner button is successfully removed!,02/02/2021 17:15:16,02/02/2021 17:15:21
https://devperform2-admin.sharepoint.com,https://devperform2.sharepoint.com/sites/CorporateUnderwritingApprovalsArchive2017,Edit-Form,Yes,Banner button is successfully removed!,02/02/2021 17:15:21,02/02/2021 17:15:27
https://devperform2-admin.sharepoint.com,https://devperform2.sharepoint.com/sites/CorporateUnderwritingApprovalsArchive2017,Display-Form,Yes,Banner button is successfully removed!,02/02/2021 17:15:27,02/02/2021 17:15:33
https://devperform2-admin.sharepoint.com,https://devperform2.sharepoint.com/sites/CorporateUnderwritingApprovalsArchive2017,Edit-View,Yes,Banner button is successfully removed!,02/02/2021 17:15:33,02/02/2021 17:15:39
https://devperform2-admin.sharepoint.com,https://devperform2.sharepoint.com/sites/CorporateUnderwritingApprovalsArchive2017,Display-View,Yes,Banner button is successfully removed!,02/02/2021 17:15:39,02/02/2021 17:15:44
https://devperform2-admin.sharepoint.com,https://devperform2.sharepoint.com/sites/ZurichI&IPeople,Home,Yes,Banner button is successfully removed!,02/03/2021 17:58:32,02/03/2021 17:58:39
https://devperform2-admin.sharepoint.com,https://devperform2.sharepoint.com/sites/ZurichI&IPeople,FAQs,Yes,Banner button is successfully removed!,02/03/2021 17:58:39,02/03/2021 17:58:45
https://devperform2-admin.sharepoint.com,https://devperform2.sharepoint.com/sites/ZurichI&IPeople,TeamLeaders,Yes,Banner button is successfully removed!,02/03/2021 17:58:45,02/03/2021 17:58:51
https://devperform2-admin.sharepoint.com,https://devperform2.sharepoint.com/sites/ZurichI&IPeople,Application,Yes,Banner button is successfully removed!,02/03/2021 17:58:51,02/03/2021 17:58:56
https://devperform2-admin.sharepoint.com,https://devperform2.sharepoint.com/sites/ZurichI&IPeople,New-Form,Yes,Banner button is successfully removed!,02/03/2021 17:58:56,02/03/2021 17:59:02
https://devperform2-admin.sharepoint.com,https://devperform2.sharepoint.com/sites/ZurichI&IPeople,Edit-Form,Yes,Banner button is successfully removed!,02/03/2021 17:59:02,02/03/2021 17:59:08
https://devperform2-admin.sharepoint.com,https://devperform2.sharepoint.com/sites/ZurichI&IPeople,Display-Form,Yes,Banner button is successfully removed!,02/03/2021 17:59:08,02/03/2021 17:59:14
https://devperform2-admin.sharepoint.com,https://devperform2.sharepoint.com/sites/ZurichI&IPeople,Edit-View,Yes,Banner button is successfully removed!,02/03/2021 17:59:15,02/03/2021 17:59:20
https://devperform2-admin.sharepoint.com,https://devperform2.sharepoint.com/sites/ZurichI&IPeople,Display-View,Yes,Banner button is successfully removed!,02/03/2021 17:59:20,02/03/2021 17:59:26
https://devperform2-admin.sharepoint.com,https://devperform2.sharepoint.com/sites/eCommerceSirLog,Home,Yes,Banner button is successfully removed!,02/04/2021 19:30:47,02/04/2021 19:30:55
https://devperform2-admin.sharepoint.com,https://devperform2.sharepoint.com/sites/eCommerceSirLog,FAQs,Yes,Banner button is successfully removed!,02/04/2021 19:30:55,02/04/2021 19:30:59
https://devperform2-admin.sharepoint.com,https://devperform2.sharepoint.com/sites/eCommerceSirLog,TeamLeaders,Yes,Banner button is successfully removed!,02/04/2021 19:30:59,02/04/2021 19:31:03
https://devperform2-admin.sharepoint.com,https://devperform2.sharepoint.com/sites/eCommerceSirLog,Application,Yes,Banner button is successfully removed!,02/04/2021 19:31:03,02/04/2021 19:31:08
https://devperform2-admin.sharepoint.com,https://devperform2.sharepoint.com/sites/eCommerceSirLog,New-Form,Yes,Banner button is successfully removed!,02/04/2021 19:31:08,02/04/2021 19:31:13
https://devperform2-admin.sharepoint.com,https://devperform2.sharepoint.com/sites/eCommerceSirLog,Edit-Form,Yes,Banner button is successfully removed!,02/04/2021 19:31:13,02/04/2021 19:31:18
https://devperform2-admin.sharepoint.com,https://devperform2.sharepoint.com/sites/eCommerceSirLog,Display-Form,Yes,Banner button is successfully removed!,02/04/2021 19:31:18,02/04/2021 19:31:24
https://devperform2-admin.sharepoint.com,https://devperform2.sharepoint.com/sites/eCommerceSirLog,Edit-View,Yes,Banner button is successfully removed!,02/04/2021 19:31:24,02/04/2021 19:31:28
https://devperform2-admin.sharepoint.com,https://devperform2.sharepoint.com/sites/eCommerceSirLog,Display-View,Yes,Banner button is successfully removed!,02/04/2021 19:31:28,02/04/2021 19:31:33
https://devperform2-admin.sharepoint.com,https://devperform2.sharepoint.com/sites/eCommerceSirLog,Home,Yes,Banner button is successfully removed!,02/04/2021 22:08:51,02/04/2021 22:09:00
https://devperform2-admin.sharepoint.com,https://devperform2.sharepoint.com/sites/eCommerceSirLog,FAQs,Yes,Banner button is successfully removed!,02/04/2021 22:09:00,02/04/2021 22:09:06
https://devperform2-admin.sharepoint.com,https://devperform2.sharepoint.com/sites/eCommerceSirLog,TeamLeaders,Yes,Banner button is successfully removed!,02/04/2021 22:09:06,02/04/2021 22:09:11
https://devperform2-admin.sharepoint.com,https://devperform2.sharepoint.com/sites/eCommerceSirLog,Application,Yes,Banner button is successfully removed!,02/04/2021 22:09:11,02/04/2021 22:09:16
https://devperform2-admin.sharepoint.com,https://devperform2.sharepoint.com/sites/eCommerceSirLog,New-Form,Yes,Banner button is successfully removed!,02/04/2021 22:09:16,02/04/2021 22:09:21
https://devperform2-admin.sharepoint.com,https://devperform2.sharepoint.com/sites/eCommerceSirLog,Edit-Form,Yes,Banner button is successfully removed!,02/04/2021 22:09:21,02/04/2021 22:09:27
https://devperform2-admin.sharepoint.com,https://devperform2.sharepoint.com/sites/eCommerceSirLog,Display-Form,Yes,Banner button is successfully removed!,02/04/2021 22:09:27,02/04/2021 22:09:34
https://devperform2-admin.sharepoint.com,https://devperform2.sharepoint.com/sites/eCommerceSirLog,Edit-View,Yes,Banner button is successfully removed!,02/04/2021 22:09:34,02/04/2021 22:09:40
https://devperform2-admin.sharepoint.com,https://devperform2.sharepoint.com/sites/eCommerceSirLog,Display-View,Yes,Banner button is successfully removed!,02/04/2021 22:09:41,02/04/2021 22:09:46
https://devperform2-admin.sharepoint.com,https://devperform2.sharepoint.com/sites/IntranetProjects,Home,Yes,Banner button is successfully removed!,02/05/2021 18:07:10,02/05/2021 18:07:16
https://devperform2-admin.sharepoint.com,https://devperform2.sharepoint.com/sites/IntranetProjects,FAQs,Yes,Banner button is successfully removed!,02/05/2021 18:07:16,02/05/2021 18:07:21
https://devperform2-admin.sharepoint.com,https://devperform2.sharepoint.com/sites/IntranetProjects,TeamLeaders,Yes,Banner button is successfully removed!,02/05/2021 18:07:21,02/05/2021 18:07:26
https://devperform2-admin.sharepoint.com,https://devperform2.sharepoint.com/sites/IntranetProjects,Application,Yes,Banner button is successfully removed!,02/05/2021 18:07:26,02/05/2021 18:07:30
https://devperform2-admin.sharepoint.com,https://devperform2.sharepoint.com/sites/IntranetProjects,New-Form,Yes,Banner button is successfully removed!,02/05/2021 18:07:30,02/05/2021 18:07:35
https://devperform2-admin.sharepoint.com,https://devperform2.sharepoint.com/sites/IntranetProjects,Edit-Form,Yes,Banner button is successfully removed!,02/05/2021 18:07:35,02/05/2021 18:07:40
https://devperform2-admin.sharepoint.com,https://devperform2.sharepoint.com/sites/IntranetProjects,Display-Form,Yes,Banner button is successfully removed!,02/05/2021 18:07:40,02/05/2021 18:07:45
https://devperform2-admin.sharepoint.com,https://devperform2.sharepoint.com/sites/IntranetProjects,Edit-View,Yes,Banner button is successfully removed!,02/05/2021 18:07:45,02/05/2021 18:07:50
https://devperform2-admin.sharepoint.com,https://devperform2.sharepoint.com/sites/IntranetProjects,Display-View,Yes,Banner button is successfully removed!,02/05/2021 18:07:50,02/05/2021 18:07:55
https://devperform2-admin.sharepoint.com,https://devperform2.sharepoint.com/sites/ChannelZHomePage,Home,Yes,Banner button is successfully removed!,02/09/2021 16:35:38,02/09/2021 16:35:44
https://devperform2-admin.sharepoint.com,https://devperform2.sharepoint.com/sites/ChannelZHomePage,FAQs,Yes,Banner button is successfully removed!,02/09/2021 16:35:44,02/09/2021 16:35:50
https://devperform2-admin.sharepoint.com,https://devperform2.sharepoint.com/sites/ChannelZHomePage,TeamLeaders,Yes,Banner button is successfully removed!,02/09/2021 16:35:50,02/09/2021 16:35:56
https://devperform2-admin.sharepoint.com,https://devperform2.sharepoint.com/sites/ChannelZHomePage,Application,Yes,Banner button is successfully removed!,02/09/2021 16:35:56,02/09/2021 16:36:02
https://devperform2-admin.sharepoint.com,https://devperform2.sharepoint.com/sites/ChannelZHomePage,New-Form,Yes,Banner button is successfully removed!,02/09/2021 16:36:02,02/09/2021 16:36:08
https://devperform2-admin.sharepoint.com,https://devperform2.sharepoint.com/sites/ChannelZHomePage,Edit-Form,Yes,Banner button is successfully removed!,02/09/2021 16:36:08,02/09/2021 16:36:13
https://devperform2-admin.sharepoint.com,https://devperform2.sharepoint.com/sites/ChannelZHomePage,Display-Form,Yes,Banner button is successfully removed!,02/09/2021 16:36:13,02/09/2021 16:36:20
https://devperform2-admin.sharepoint.com,https://devperform2.sharepoint.com/sites/ChannelZHomePage,Edit-View,Yes,Banner button is successfully removed!,02/09/2021 16:36:20,02/09/2021 16:36:25
https://devperform2-admin.sharepoint.com,https://devperform2.sharepoint.com/sites/ChannelZHomePage,Display-View,Yes,Banner button is successfully removed!,02/09/2021 16:36:25,02/09/2021 16:36:32
https://devperform2-admin.sharepoint.com,https://devperform2.sharepoint.com/sites/IntranetProjects,Home,Yes,Banner button is successfully removed!,02/09/2021 16:36:32,02/09/2021 16:36:37
https://devperform2-admin.sharepoint.com,https://devperform2.sharepoint.com/sites/IntranetProjects,FAQs,Yes,Banner button is successfully removed!,02/09/2021 16:36:37,02/09/2021 16:36:43
https://devperform2-admin.sharepoint.com,https://devperform2.sharepoint.com/sites/IntranetProjects,TeamLeaders,Yes,Banner button is successfully removed!,02/09/2021 16:36:43,02/09/2021 16:36:49
https://devperform2-admin.sharepoint.com,https://devperform2.sharepoint.com/sites/IntranetProjects,Application,Yes,Banner button is successfully removed!,02/09/2021 16:36:49,02/09/2021 16:36:54
https://devperform2-admin.sharepoint.com,https://devperform2.sharepoint.com/sites/IntranetProjects,New-Form,Yes,Banner button is successfully removed!,02/09/2021 16:36:54,02/09/2021 16:37:00
https://devperform2-admin.sharepoint.com,https://devperform2.sharepoint.com/sites/IntranetProjects,Edit-Form,Yes,Banner button is successfully removed!,02/09/2021 16:37:00,02/09/2021 16:37:06
https://devperform2-admin.sharepoint.com,https://devperform2.sharepoint.com/sites/IntranetProjects,Display-Form,Yes,Banner button is successfully removed!,02/09/2021 16:37:06,02/09/2021 16:37:12
https://devperform2-admin.sharepoint.com,https://devperform2.sharepoint.com/sites/IntranetProjects,Edit-View,Yes,Banner button is successfully removed!,02/09/2021 16:37:12,02/09/2021 16:37:18
https://devperform2-admin.sharepoint.com,https://devperform2.sharepoint.com/sites/IntranetProjects,Display-View,Yes,Banner button is successfully removed!,02/09/2021 16:37:18,02/09/2021 16:37:23
https://devperform2-admin.sharepoint.com,https://devperform2.sharepoint.com/sites/ChannelZHomePage,Home,Yes,Banner button is successfully removed!,02/09/2021 16:38:14,02/09/2021 16:38:20
https://devperform2-admin.sharepoint.com,https://devperform2.sharepoint.com/sites/ChannelZHomePage,FAQs,Yes,Banner button is successfully removed!,02/09/2021 16:38:20,02/09/2021 16:38:25
https://devperform2-admin.sharepoint.com,https://devperform2.sharepoint.com/sites/ChannelZHomePage,TeamLeaders,Yes,Banner button is successfully removed!,02/09/2021 16:38:25,02/09/2021 16:38:30
https://devperform2-admin.sharepoint.com,https://devperform2.sharepoint.com/sites/ChannelZHomePage,Application,Yes,Banner button is successfully removed!,02/09/2021 16:38:30,02/09/2021 16:38:35
https://devperform2-admin.sharepoint.com,https://devperform2.sharepoint.com/sites/ChannelZHomePage,New-Form,Yes,Banner button is successfully removed!,02/09/2021 16:38:35,02/09/2021 16:38:41
https://devperform2-admin.sharepoint.com,https://devperform2.sharepoint.com/sites/ChannelZHomePage,Edit-Form,Yes,Banner button is successfully removed!,02/09/2021 16:38:41,02/09/2021 16:38:46
https://devperform2-admin.sharepoint.com,https://devperform2.sharepoint.com/sites/ChannelZHomePage,Display-Form,Yes,Banner button is successfully removed!,02/09/2021 16:38:46,02/09/2021 16:38:52
https://devperform2-admin.sharepoint.com,https://devperform2.sharepoint.com/sites/ChannelZHomePage,Edit-View,Yes,Banner button is successfully removed!,02/09/2021 16:38:52,02/09/2021 16:38:58
https://devperform2-admin.sharepoint.com,https://devperform2.sharepoint.com/sites/ChannelZHomePage,Display-View,Yes,Banner button is successfully removed!,02/09/2021 16:38:58,02/09/2021 16:39:03
https://devperform2-admin.sharepoint.com,https://devperform2.sharepoint.com/sites/IntranetProjects,Home,Yes,Banner button is successfully removed!,02/09/2021 16:39:03,02/09/2021 16:39:08
https://devperform2-admin.sharepoint.com,https://devperform2.sharepoint.com/sites/IntranetProjects,FAQs,Yes,Banner button is successfully removed!,02/09/2021 16:39:08,02/09/2021 16:39:14
https://devperform2-admin.sharepoint.com,https://devperform2.sharepoint.com/sites/IntranetProjects,TeamLeaders,Yes,Banner button is successfully removed!,02/09/2021 16:39:14,02/09/2021 16:39:20
https://devperform2-admin.sharepoint.com,https://devperform2.sharepoint.com/sites/IntranetProjects,Application,Yes,Banner button is successfully removed!,02/09/2021 16:39:20,02/09/2021 16:39:25
https://devperform2-admin.sharepoint.com,https://devperform2.sharepoint.com/sites/IntranetProjects,New-Form,Yes,Banner button is successfully removed!,02/09/2021 16:39:25,02/09/2021 16:39:31
https://devperform2-admin.sharepoint.com,https://devperform2.sharepoint.com/sites/IntranetProjects,Edit-Form,Yes,Banner button is successfully removed!,02/09/2021 16:39:31,02/09/2021 16:39:36
https://devperform2-admin.sharepoint.com,https://devperform2.sharepoint.com/sites/IntranetProjects,Display-Form,Yes,Banner button is successfully removed!,02/09/2021 16:39:36,02/09/2021 16:39:42
https://devperform2-admin.sharepoint.com,https://devperform2.sharepoint.com/sites/IntranetProjects,Edit-View,Yes,Banner button is successfully removed!,02/09/2021 16:39:42,02/09/2021 16:39:46
https://devperform2-admin.sharepoint.com,https://devperform2.sharepoint.com/sites/IntranetProjects,Display-View,Yes,Banner button is successfully removed!,02/09/2021 16:39:46,02/09/2021 16:39:51
https://devperform2-admin.sharepoint.com,https://devperform2.sharepoint.com/sites/ReceivedUnitGlobalCorporate,Home,Yes,Banner button is successfully removed!,02/10/2021 16:05:44,02/10/2021 16:05:50
https://devperform2-admin.sharepoint.com,https://devperform2.sharepoint.com/sites/ReceivedUnitGlobalCorporate,FAQs,Yes,Banner button is successfully removed!,02/10/2021 16:05:50,02/10/2021 16:05:58
https://devperform2-admin.sharepoint.com,https://devperform2.sharepoint.com/sites/ReceivedUnitGlobalCorporate,TeamLeaders,Yes,Banner button is successfully removed!,02/10/2021 16:05:58,02/10/2021 16:06:04
https://devperform2-admin.sharepoint.com,https://devperform2.sharepoint.com/sites/ReceivedUnitGlobalCorporate,Application,Yes,Banner button is successfully removed!,02/10/2021 16:06:04,02/10/2021 16:06:11
https://devperform2-admin.sharepoint.com,https://devperform2.sharepoint.com/sites/ReceivedUnitGlobalCorporate,New-Form,Yes,Banner button is successfully removed!,02/10/2021 16:06:11,02/10/2021 16:06:17
https://devperform2-admin.sharepoint.com,https://devperform2.sharepoint.com/sites/ReceivedUnitGlobalCorporate,Edit-Form,Yes,Banner button is successfully removed!,02/10/2021 16:06:17,02/10/2021 16:06:23
https://devperform2-admin.sharepoint.com,https://devperform2.sharepoint.com/sites/ReceivedUnitGlobalCorporate,Display-Form,Yes,Banner button is successfully removed!,02/10/2021 16:06:23,02/10/2021 16:06:29
https://devperform2-admin.sharepoint.com,https://devperform2.sharepoint.com/sites/ReceivedUnitGlobalCorporate,Edit-View,Yes,Banner button is successfully removed!,02/10/2021 16:06:29,02/10/2021 16:06:35
https://devperform2-admin.sharepoint.com,https://devperform2.sharepoint.com/sites/ReceivedUnitGlobalCorporate,Display-View,Yes,Banner button is successfully removed!,02/10/2021 16:06:35,02/10/2021 16:06:41
https://devperform2-admin.sharepoint.com,https://devperform2.sharepoint.com/sites/LossFundDatabase,Home,Yes,Banner button is successfully removed!,02/10/2021 16:06:41,02/10/2021 16:06:49
https://devperform2-admin.sharepoint.com,https://devperform2.sharepoint.com/sites/LossFundDatabase,FAQs,Yes,Banner button is successfully removed!,02/10/2021 16:06:49,02/10/2021 16:06:55
https://devperform2-admin.sharepoint.com,https://devperform2.sharepoint.com/sites/LossFundDatabase,TeamLeaders,Yes,Banner button is successfully removed!,02/10/2021 16:06:55,02/10/2021 16:07:02
https://devperform2-admin.sharepoint.com,https://devperform2.sharepoint.com/sites/LossFundDatabase,Application,Yes,Banner button is successfully removed!,02/10/2021 16:07:02,02/10/2021 16:07:08
https://devperform2-admin.sharepoint.com,https://devperform2.sharepoint.com/sites/LossFundDatabase,New-Form,Yes,Banner button is successfully removed!,02/10/2021 16:07:08,02/10/2021 16:07:15
https://devperform2-admin.sharepoint.com,https://devperform2.sharepoint.com/sites/LossFundDatabase,Edit-Form,Yes,Banner button is successfully removed!,02/10/2021 16:07:15,02/10/2021 16:07:21
https://devperform2-admin.sharepoint.com,https://devperform2.sharepoint.com/sites/LossFundDatabase,Display-Form,Yes,Banner button is successfully removed!,02/10/2021 16:07:21,02/10/2021 16:07:27
https://devperform2-admin.sharepoint.com,https://devperform2.sharepoint.com/sites/LossFundDatabase,Edit-View,Yes,Banner button is successfully removed!,02/10/2021 16:07:27,02/10/2021 16:07:33
https://devperform2-admin.sharepoint.com,https://devperform2.sharepoint.com/sites/LossFundDatabase,Display-View,Yes,Banner button is successfully removed!,02/10/2021 16:07:33,02/10/2021 16:07:39
https://devperform2-admin.sharepoint.com,https://devperform2.sharepoint.com/sites/EFLBackUP,Home,Yes,Banner button is successfully removed!,02/11/2021 16:05:14,02/11/2021 16:05:19
https://devperform2-admin.sharepoint.com,https://devperform2.sharepoint.com/sites/EFLBackUP,FAQs,Yes,Banner button is successfully removed!,02/11/2021 16:05:19,02/11/2021 16:05:25
https://devperform2-admin.sharepoint.com,https://devperform2.sharepoint.com/sites/EFLBackUP,TeamLeaders,Yes,Banner button is successfully removed!,02/11/2021 16:05:25,02/11/2021 16:05:30
https://devperform2-admin.sharepoint.com,https://devperform2.sharepoint.com/sites/EFLBackUP,Application,Yes,Banner button is successfully removed!,02/11/2021 16:05:30,02/11/2021 16:05:36
https://devperform2-admin.sharepoint.com,https://devperform2.sharepoint.com/sites/EFLBackUP,New-Form,Yes,Banner button is successfully removed!,02/11/2021 16:05:36,02/11/2021 16:05:42
https://devperform2-admin.sharepoint.com,https://devperform2.sharepoint.com/sites/EFLBackUP,Edit-Form,Yes,Banner button is successfully removed!,02/11/2021 16:05:42,02/11/2021 16:05:48
https://devperform2-admin.sharepoint.com,https://devperform2.sharepoint.com/sites/EFLBackUP,Display-Form,Yes,Banner button is successfully removed!,02/11/2021 16:05:48,02/11/2021 16:05:53
https://devperform2-admin.sharepoint.com,https://devperform2.sharepoint.com/sites/EFLBackUP,Edit-View,Yes,Banner button is successfully removed!,02/11/2021 16:05:53,02/11/2021 16:06:00
https://devperform2-admin.sharepoint.com,https://devperform2.sharepoint.com/sites/EFLBackUP,Display-View,Yes,Banner button is successfully removed!,02/11/2021 16:06:00,02/11/2021 16:06:06
https://devperform2-admin.sharepoint.com,https://devperform2.sharepoint.com/sites/ApplicationChangeRequest,Home,Yes,Banner button is successfully removed!,02/12/2021 14:27:15,02/12/2021 14:27:21
https://devperform2-admin.sharepoint.com,https://devperform2.sharepoint.com/sites/ApplicationChangeRequest,FAQs,Yes,Banner button is successfully removed!,02/12/2021 14:27:21,02/12/2021 14:27:26
https://devperform2-admin.sharepoint.com,https://devperform2.sharepoint.com/sites/ApplicationChangeRequest,TeamLeaders,Yes,Banner button is successfully removed!,02/12/2021 14:27:26,02/12/2021 14:27:32
https://devperform2-admin.sharepoint.com,https://devperform2.sharepoint.com/sites/ApplicationChangeRequest,Application,Yes,Banner button is successfully removed!,02/12/2021 14:27:32,02/12/2021 14:27:37
https://devperform2-admin.sharepoint.com,https://devperform2.sharepoint.com/sites/ApplicationChangeRequest,New-Form,Yes,Banner button is successfully removed!,02/12/2021 14:27:37,02/12/2021 14:27:43
https://devperform2-admin.sharepoint.com,https://devperform2.sharepoint.com/sites/ApplicationChangeRequest,Edit-Form,Yes,Banner button is successfully removed!,02/12/2021 14:27:43,02/12/2021 14:27:49
https://devperform2-admin.sharepoint.com,https://devperform2.sharepoint.com/sites/ApplicationChangeRequest,Display-Form,Yes,Banner button is successfully removed!,02/12/2021 14:27:49,02/12/2021 14:27:54
https://devperform2-admin.sharepoint.com,https://devperform2.sharepoint.com/sites/ApplicationChangeRequest,Edit-View,Yes,Banner button is successfully removed!,02/12/2021 14:27:54,02/12/2021 14:28:00
https://devperform2-admin.sharepoint.com,https://devperform2.sharepoint.com/sites/ApplicationChangeRequest,Display-View,Yes,Banner button is successfully removed!,02/12/2021 14:28:00,02/12/2021 14:28:05
https://devperform2-admin.sharepoint.com,https://devperform2.sharepoint.com/sites/CollRecMgmtCorrespondence,Home,Yes,Banner button is successfully removed!,02/15/2021 17:30:50,02/15/2021 17:30:56
https://devperform2-admin.sharepoint.com,https://devperform2.sharepoint.com/sites/CollRecMgmtCorrespondence,FAQs,Yes,Banner button is successfully removed!,02/15/2021 17:30:56,02/15/2021 17:31:02
https://devperform2-admin.sharepoint.com,https://devperform2.sharepoint.com/sites/CollRecMgmtCorrespondence,TeamLeaders,Yes,Banner button is successfully removed!,02/15/2021 17:31:02,02/15/2021 17:31:09
https://devperform2-admin.sharepoint.com,https://devperform2.sharepoint.com/sites/CollRecMgmtCorrespondence,Application,Yes,Banner button is successfully removed!,02/15/2021 17:31:09,02/15/2021 17:31:16
https://devperform2-admin.sharepoint.com,https://devperform2.sharepoint.com/sites/CollRecMgmtCorrespondence,New-Form,Yes,Banner button is successfully removed!,02/15/2021 17:31:16,02/15/2021 17:31:23
https://devperform2-admin.sharepoint.com,https://devperform2.sharepoint.com/sites/CollRecMgmtCorrespondence,Edit-Form,Yes,Banner button is successfully removed!,02/15/2021 17:31:23,02/15/2021 17:31:29
https://devperform2-admin.sharepoint.com,https://devperform2.sharepoint.com/sites/CollRecMgmtCorrespondence,Display-Form,Yes,Banner button is successfully removed!,02/15/2021 17:31:29,02/15/2021 17:31:36
https://devperform2-admin.sharepoint.com,https://devperform2.sharepoint.com/sites/CollRecMgmtCorrespondence,Edit-View,Yes,Banner button is successfully removed!,02/15/2021 17:31:36,02/15/2021 17:31:42
https://devperform2-admin.sharepoint.com,https://devperform2.sharepoint.com/sites/CollRecMgmtCorrespondence,Display-View,Yes,Banner button is successfully removed!,02/15/2021 17:31:42,02/15/2021 17:31:48
https://devperform2-admin.sharepoint.com,https://devperform2.sharepoint.com/sites/ContactManagementDB,Home,Yes,Banner button is successfully removed!,02/16/2021 16:41:59,02/16/2021 16:42:04
https://devperform2-admin.sharepoint.com,https://devperform2.sharepoint.com/sites/ContactManagementDB,FAQs,Yes,Banner button is successfully removed!,02/16/2021 16:42:04,02/16/2021 16:42:10
https://devperform2-admin.sharepoint.com,https://devperform2.sharepoint.com/sites/ContactManagementDB,TeamLeaders,Yes,Banner button is successfully removed!,02/16/2021 16:42:10,02/16/2021 16:42:16
https://devperform2-admin.sharepoint.com,https://devperform2.sharepoint.com/sites/ContactManagementDB,Application,Yes,Banner button is successfully removed!,02/16/2021 16:42:16,02/16/2021 16:42:22
https://devperform2-admin.sharepoint.com,https://devperform2.sharepoint.com/sites/ContactManagementDB,New-Form,Yes,Banner button is successfully removed!,02/16/2021 16:42:22,02/16/2021 16:42:27
https://devperform2-admin.sharepoint.com,https://devperform2.sharepoint.com/sites/ContactManagementDB,Edit-Form,Yes,Banner button is successfully removed!,02/16/2021 16:42:27,02/16/2021 16:42:32
https://devperform2-admin.sharepoint.com,https://devperform2.sharepoint.com/sites/ContactManagementDB,Display-Form,Yes,Banner button is successfully removed!,02/16/2021 16:42:32,02/16/2021 16:42:38
https://devperform2-admin.sharepoint.com,https://devperform2.sharepoint.com/sites/ContactManagementDB,Edit-View,Yes,Banner button is successfully removed!,02/16/2021 16:42:38,02/16/2021 16:42:44
https://devperform2-admin.sharepoint.com,https://devperform2.sharepoint.com/sites/ContactManagementDB,Display-View,Yes,Banner button is successfully removed!,02/16/2021 16:42:44,02/16/2021 16:42:49
https://devperform2-admin.sharepoint.com,https://devperform2.sharepoint.com/sites/REEL,Home,Yes,Banner button is successfully removed!,02/17/2021 14:45:48,02/17/2021 14:45:55
https://devperform2-admin.sharepoint.com,https://devperform2.sharepoint.com/sites/REEL,FAQs,Yes,Banner button is successfully removed!,02/17/2021 14:45:55,02/17/2021 14:46:01
https://devperform2-admin.sharepoint.com,https://devperform2.sharepoint.com/sites/REEL,TeamLeaders,Yes,Banner button is successfully removed!,02/17/2021 14:46:01,02/17/2021 14:46:07
https://devperform2-admin.sharepoint.com,https://devperform2.sharepoint.com/sites/REEL,Application,Yes,Banner button is successfully removed!,02/17/2021 14:46:07,02/17/2021 14:46:13
https://devperform2-admin.sharepoint.com,https://devperform2.sharepoint.com/sites/REEL,New-Form,Yes,Banner button is successfully removed!,02/17/2021 14:46:13,02/17/2021 14:46:19
https://devperform2-admin.sharepoint.com,https://devperform2.sharepoint.com/sites/REEL,Edit-Form,Yes,Banner button is successfully removed!,02/17/2021 14:46:19,02/17/2021 14:46:25
https://devperform2-admin.sharepoint.com,https://devperform2.sharepoint.com/sites/REEL,Display-Form,Yes,Banner button is successfully removed!,02/17/2021 14:46:25,02/17/2021 14:46:32
https://devperform2-admin.sharepoint.com,https://devperform2.sharepoint.com/sites/REEL,Edit-View,Yes,Banner button is successfully removed!,02/17/2021 14:46:32,02/17/2021 14:46:38
https://devperform2-admin.sharepoint.com,https://devperform2.sharepoint.com/sites/REEL,Display-View,Yes,Banner button is successfully removed!,02/17/2021 14:46:38,02/17/2021 14:46:45
https://devperform2-admin.sharepoint.com,https://devperform2.sharepoint.com/sites/REEL,Home,Yes,Banner button is successfully removed!,02/17/2021 17:26:11,02/17/2021 17:26:17
https://devperform2-admin.sharepoint.com,https://devperform2.sharepoint.com/sites/REEL,FAQs,Yes,Banner button is successfully removed!,02/17/2021 17:26:17,02/17/2021 17:26:23
https://devperform2-admin.sharepoint.com,https://devperform2.sharepoint.com/sites/REEL,TeamLeaders,Yes,Banner button is successfully removed!,02/17/2021 17:26:23,02/17/2021 17:26:30
https://devperform2-admin.sharepoint.com,https://devperform2.sharepoint.com/sites/REEL,Application,Yes,Banner button is successfully removed!,02/17/2021 17:26:30,02/17/2021 17:26:36
https://devperform2-admin.sharepoint.com,https://devperform2.sharepoint.com/sites/REEL,New-Form,Yes,Banner button is successfully removed!,02/17/2021 17:26:36,02/17/2021 17:26:42
https://devperform2-admin.sharepoint.com,https://devperform2.sharepoint.com/sites/REEL,Edit-Form,Yes,Banner button is successfully removed!,02/17/2021 17:26:42,02/17/2021 17:26:48
https://devperform2-admin.sharepoint.com,https://devperform2.sharepoint.com/sites/REEL,Display-Form,Yes,Banner button is successfully removed!,02/17/2021 17:26:48,02/17/2021 17:26:55
https://devperform2-admin.sharepoint.com,https://devperform2.sharepoint.com/sites/REEL,Edit-View,Yes,Banner button is successfully removed!,02/17/2021 17:26:55,02/17/2021 17:27:02
https://devperform2-admin.sharepoint.com,https://devperform2.sharepoint.com/sites/REEL,Display-View,Yes,Banner button is successfully removed!,02/17/2021 17:27:02,02/17/2021 17:27:08
https://devperform2-admin.sharepoint.com,https://devperform2.sharepoint.com/sites/TechnicalUnderwritingReferralFacility,Home,Yes,Banner button is successfully removed!,02/18/2021 17:35:56,02/18/2021 17:36:02
https://devperform2-admin.sharepoint.com,https://devperform2.sharepoint.com/sites/TechnicalUnderwritingReferralFacility,FAQs,Yes,Banner button is successfully removed!,02/18/2021 17:36:02,02/18/2021 17:36:07
https://devperform2-admin.sharepoint.com,https://devperform2.sharepoint.com/sites/TechnicalUnderwritingReferralFacility,TeamLeaders,Yes,Banner button is successfully removed!,02/18/2021 17:36:07,02/18/2021 17:36:13
https://devperform2-admin.sharepoint.com,https://devperform2.sharepoint.com/sites/TechnicalUnderwritingReferralFacility,Application,Yes,Banner button is successfully removed!,02/18/2021 17:36:13,02/18/2021 17:36:18
https://devperform2-admin.sharepoint.com,https://devperform2.sharepoint.com/sites/TechnicalUnderwritingReferralFacility,New-Form,Yes,Banner button is successfully removed!,02/18/2021 17:36:18,02/18/2021 17:36:24
https://devperform2-admin.sharepoint.com,https://devperform2.sharepoint.com/sites/TechnicalUnderwritingReferralFacility,Edit-Form,Yes,Banner button is successfully removed!,02/18/2021 17:36:24,02/18/2021 17:36:30
https://devperform2-admin.sharepoint.com,https://devperform2.sharepoint.com/sites/TechnicalUnderwritingReferralFacility,Display-Form,Yes,Banner button is successfully removed!,02/18/2021 17:36:30,02/18/2021 17:36:36
https://devperform2-admin.sharepoint.com,https://devperform2.sharepoint.com/sites/TechnicalUnderwritingReferralFacility,Edit-View,Yes,Banner button is successfully removed!,02/18/2021 17:36:36,02/18/2021 17:36:41
https://devperform2-admin.sharepoint.com,https://devperform2.sharepoint.com/sites/TechnicalUnderwritingReferralFacility,Display-View,Yes,Banner button is successfully removed!,02/18/2021 17:36:41,02/18/2021 17:36:47
